Initialized native services in: C:\Users\bhauk\.gradle\native
Initialized jansi services in: C:\Users\bhauk\.gradle\native
The client will now receive all logging from the daemon (pid: 65740). The daemon log file: C:\Users\bhauk\.gradle\daemon\9.4.1\daemon-65740.out.log
Starting 5th build in daemon [uptime: 17 mins 37.961 secs, performance: 98%, GC rate: 0.02/s, heap usage: 13% of 2 GiB]
Using 16 worker leases.
Operational build model parameters: {cachingModelBuilding=false, configurationCache=false, configurationCacheDisabledReason=null, configurationCacheParallelLoad=false, configurationCacheParallelStore=false, configureOnDemand=false, invalidateCoupledProjects=false, isolatedProjects=false, modelAsProjectDependency=false, modelBuilding=false, parallelModelBuilding=false, parallelProjectConfiguration=false, parallelProjectExecution=false, resilientModelBuilding=false}
Now considering [C:\Users\bhauk\Documents\projects\PeriodSaathi] as hierarchies to watch
Watching the file system is configured to be enabled if available
File system watching is active
Starting Build
Resolved plugin [id: 'org.gradle.toolchains.foojay-resolver-convention', version: '1.0.0']
Settings evaluated using settings file 'C:\Users\bhauk\Documents\projects\PeriodSaathi\settings.gradle.kts'.
Projects loaded. Root project using build file 'C:\Users\bhauk\Documents\projects\PeriodSaathi\build.gradle.kts'.
Included projects: [root project 'PeriodSaathi', project ':app']

> Configure project :
Evaluating root project 'PeriodSaathi' using build file 'C:\Users\bhauk\Documents\projects\PeriodSaathi\build.gradle.kts'.
Resolved plugin [id: 'com.android.application', version: '9.2.1', apply: false]
Resolved plugin [id: 'com.android.library', version: '9.2.1', apply: false]
Resolved plugin [id: 'org.jetbrains.kotlin.plugin.compose', version: '2.2.10', apply: false]
Resolved plugin [id: 'org.jetbrains.kotlin.plugin.serialization', version: '2.2.10', apply: false]
Resolved plugin [id: 'com.google.devtools.ksp', version: '2.2.10-2.0.2', apply: false]
Resolved plugin [id: 'com.google.dagger.hilt.android', version: '2.59.2', apply: false]
Resolved plugin [id: 'com.google.gms.google-services', version: '4.4.2', apply: false]
Resolved plugin [id: 'com.google.firebase.crashlytics', version: '3.0.2', apply: false]
Resolved plugin [id: 'io.gitlab.arturbosch.detekt', version: '1.23.6', apply: false]

> Configure project :app
Evaluating project ':app' using build file 'C:\Users\bhauk\Documents\projects\PeriodSaathi\app\build.gradle.kts'.
Resolved plugin [id: 'com.android.application', version: '9.2.1']
Resolved plugin [id: 'org.jetbrains.kotlin.plugin.compose', version: '2.2.10']
Resolved plugin [id: 'org.jetbrains.kotlin.plugin.serialization', version: '2.2.10']
Resolved plugin [id: 'com.google.devtools.ksp', version: '2.2.10-2.0.2']
Resolved plugin [id: 'com.google.dagger.hilt.android', version: '2.59.2']
Resolved plugin [id: 'com.google.gms.google-services', version: '4.4.2']
Resolved plugin [id: 'com.google.firebase.crashlytics', version: '3.0.2']
WARNING: The option setting 'android.disallowKotlinSourceSets=false' is experimental.
The current default is 'true'.
Build d0d3ed32-6b5e-479c-b003-5d3745a34429 is started
Using default execution profile
Detected Android Gradle Plugin compose compiler configuration
Detected Android Gradle Plugin compose compiler configuration
Detected Android Gradle Plugin compose compiler configuration
Detected Android Gradle Plugin compose compiler configuration
All projects evaluated.
Task path ':app:compileDebugKotlin' matched project ':app'
Task name matched 'compileDebugKotlin'
Adding -Xuse-inline-scopes-numbers Kotlin compiler flag for task :app:compileDebugKotlin
Selected primary task 'compileDebugKotlin' from project :app
Tasks to be executed: [task ':app:preBuild', task ':app:preDebugBuild', task ':app:generateDebugBuildConfig', task ':app:generateDebugResources', task ':app:injectCrashlyticsMappingFileIdDebug', task ':app:processDebugGoogleServices', task ':app:packageDebugResources', task ':app:processDebugNavigationResources', task ':app:parseDebugLocalResources', task ':app:generateDebugRFile', task ':app:kspDebugKotlin', task ':app:compileDebugKotlin']
Tasks that were excluded: []
Resolve mutations for :app:preBuild (Thread[#403,Execution worker Thread 2,5,main]) started.
:app:preBuild (Thread[#403,Execution worker Thread 2,5,main]) started.

> Task :app:preBuild UP-TO-DATE
Skipping task ':app:preBuild' as it has no actions.
Resolve mutations for :app:preDebugBuild (Thread[#403,Execution worker Thread 2,5,main]) started.
:app:preDebugBuild (Thread[#403,Execution worker Thread 2,5,main]) started.

> Task :app:preDebugBuild UP-TO-DATE
Skipping task ':app:preDebugBuild' as it has no actions.
Resolve mutations for :app:generateDebugBuildConfig (Thread[#403,Execution worker Thread 2,5,main]) started.
:app:generateDebugBuildConfig (Thread[#415,Execution worker Thread 13,5,main]) started.

> Task :app:generateDebugBuildConfig
Caching disabled for task ':app:generateDebugBuildConfig' because:
  Build cache is disabled
Task ':app:generateDebugBuildConfig' is not up-to-date because:
  Output property 'sourceOutputDir' file C:\Users\bhauk\Documents\projects\PeriodSaathi\app\build\generated\source\buildConfig\debug has been removed.
  Output property 'sourceOutputDir' file C:\Users\bhauk\Documents\projects\PeriodSaathi\app\build\generated\source\buildConfig\debug\com has been removed.
  Output property 'sourceOutputDir' file C:\Users\bhauk\Documents\projects\PeriodSaathi\app\build\generated\source\buildConfig\debug\com\deepak has been removed.
  and more...
Resolve mutations for :app:generateDebugResources (Thread[#415,Execution worker Thread 13,5,main]) started.
:app:generateDebugResources (Thread[#415,Execution worker Thread 13,5,main]) started.

> Task :app:generateDebugResources UP-TO-DATE
Caching disabled for task ':app:generateDebugResources' because:
  Build cache is disabled
Skipping task ':app:generateDebugResources' as it is up-to-date.
Resolve mutations for :app:injectCrashlyticsMappingFileIdDebug (Thread[#415,Execution worker Thread 13,5,main]) started.
:app:injectCrashlyticsMappingFileIdDebug (Thread[#415,Execution worker Thread 13,5,main]) started.

> Task :app:injectCrashlyticsMappingFileIdDebug
Caching disabled for task ':app:injectCrashlyticsMappingFileIdDebug' because:
  Build cache is disabled
  Caching has not been enabled for the task
Task ':app:injectCrashlyticsMappingFileIdDebug' is not up-to-date because:
  Task.upToDateWhen is false.
Resolve mutations for :app:processDebugGoogleServices (Thread[#403,Execution worker Thread 2,5,main]) started.
:app:processDebugGoogleServices (Thread[#403,Execution worker Thread 2,5,main]) started.

> Task :app:processDebugGoogleServices
Caching disabled for task ':app:processDebugGoogleServices' because:
  Build cache is disabled
Task ':app:processDebugGoogleServices' is not up-to-date because:
  Output property 'gmpAppId' file C:\Users\bhauk\Documents\projects\PeriodSaathi\app\build\gmpAppId\debug.txt has been removed.
  Output property 'outputDirectory' file C:\Users\bhauk\Documents\projects\PeriodSaathi\app\build\generated\res\processDebugGoogleServices has been removed.
  Output property 'outputDirectory' file C:\Users\bhauk\Documents\projects\PeriodSaathi\app\build\generated\res\processDebugGoogleServices\values has been removed.
  and more...
Parsing json file: C:\Users\bhauk\Documents\projects\PeriodSaathi\app\google-services.json
Resolve mutations for :app:packageDebugResources (Thread[#403,Execution worker Thread 2,5,main]) started.
:app:packageDebugResources (Thread[#403,Execution worker Thread 2,5,main]) started.

> Task :app:packageDebugResources
Caching disabled for task ':app:packageDebugResources' because:
  Build cache is disabled
Task ':app:packageDebugResources' is not up-to-date because:
  Output property 'dataBindingLayoutInfoOutFolder' file C:\Users\bhauk\Documents\projects\PeriodSaathi\app\build\intermediates\data_binding_layout_info_type_package\debug\packageDebugResources\out has been removed.
  Output property 'incrementalFolder' file C:\Users\bhauk\Documents\projects\PeriodSaathi\app\build\intermediates\incremental\debug\packageDebugResources has been removed.
  Output property 'incrementalFolder' file C:\Users\bhauk\Documents\projects\PeriodSaathi\app\build\intermediates\incremental\debug\packageDebugResources\compile-file-map.properties has been removed.
  and more...
The input changes require a full rebuild for incremental task ':app:packageDebugResources'.

> Task :app:packageDebugResources FAILED
Build d0d3ed32-6b5e-479c-b003-5d3745a34429 is closed

FAILURE: Build failed with an exception.

* What went wrong:
Execution failed for task ':app:packageDebugResources'.
> java.io.IOException: Unable to delete directory 'C:\Users\bhauk\Documents\projects\PeriodSaathi\app\build\intermediates\packaged_res\debug\packageDebugResources'
    Failed to delete some children. This might happen because a process has files open or has its working directory set in the target directory.
    - C:\Users\bhauk\Documents\projects\PeriodSaathi\app\build\intermediates\packaged_res\debug\packageDebugResources\drawable
    - C:\Users\bhauk\Documents\projects\PeriodSaathi\app\build\intermediates\packaged_res\debug\packageDebugResources\font
    - C:\Users\bhauk\Documents\projects\PeriodSaathi\app\build\intermediates\packaged_res\debug\packageDebugResources\mipmap-anydpi-v26
    - C:\Users\bhauk\Documents\projects\PeriodSaathi\app\build\intermediates\packaged_res\debug\packageDebugResources\mipmap-hdpi-v4
    - C:\Users\bhauk\Documents\projects\PeriodSaathi\app\build\intermediates\packaged_res\debug\packageDebugResources\mipmap-mdpi-v4
    - C:\Users\bhauk\Documents\projects\PeriodSaathi\app\build\intermediates\packaged_res\debug\packageDebugResources\mipmap-xhdpi-v4
    - C:\Users\bhauk\Documents\projects\PeriodSaathi\app\build\intermediates\packaged_res\debug\packageDebugResources\mipmap-xxhdpi-v4
    - C:\Users\bhauk\Documents\projects\PeriodSaathi\app\build\intermediates\packaged_res\debug\packageDebugResources\mipmap-xxxhdpi-v4
    - C:\Users\bhauk\Documents\projects\PeriodSaathi\app\build\intermediates\packaged_res\debug\packageDebugResources\raw
    - C:\Users\bhauk\Documents\projects\PeriodSaathi\app\build\intermediates\packaged_res\debug\packageDebugResources\values
    - C:\Users\bhauk\Documents\projects\PeriodSaathi\app\build\intermediates\packaged_res\debug\packageDebugResources\values-hi
    - C:\Users\bhauk\Documents\projects\PeriodSaathi\app\build\intermediates\packaged_res\debug\packageDebugResources\xml

* Try:
> Run with --debug option to get more log output.
> Run with --scan to get full insights from a Build Scan (powered by Develocity).
> Get more help at https://help.gradle.org.

* Exception is:
org.gradle.api.tasks.TaskExecutionException: Execution failed for task ':app:packageDebugResources'.
	at org.gradle.api.internal.tasks.execution.CatchExceptionTaskExecuter.execute(CatchExceptionTaskExecuter.java:38)
	at org.gradle.api.internal.tasks.execution.EventFiringTaskExecuter$1.executeTask(EventFiringTaskExecuter.java:77)
	at org.gradle.api.internal.tasks.execution.EventFiringTaskExecuter$1.call(EventFiringTaskExecuter.java:55)
	at org.gradle.api.internal.tasks.execution.EventFiringTaskExecuter$1.call(EventFiringTaskExecuter.java:52)
	at org.gradle.internal.operations.DefaultBuildOperationRunner$CallableBuildOperationWorker.execute(DefaultBuildOperationRunner.java:210)
	at org.gradle.internal.operations.DefaultBuildOperationRunner$CallableBuildOperationWorker.execute(DefaultBuildOperationRunner.java:205)
	at org.gradle.internal.operations.DefaultBuildOperationRunner$2.execute(DefaultBuildOperationRunner.java:67)
	at org.gradle.internal.operations.DefaultBuildOperationRunner$2.execute(DefaultBuildOperationRunner.java:60)
	at org.gradle.internal.operations.DefaultBuildOperationRunner.execute(DefaultBuildOperationRunner.java:167)
	at org.gradle.internal.operations.DefaultBuildOperationRunner.execute(DefaultBuildOperationRunner.java:60)
	at org.gradle.internal.operations.DefaultBuildOperationRunner.call(DefaultBuildOperationRunner.java:54)
	at org.gradle.api.internal.tasks.execution.EventFiringTaskExecuter.execute(EventFiringTaskExecuter.java:52)
	at org.gradle.execution.plan.DefaultNodeExecutor.executeLocalTaskNode(DefaultNodeExecutor.java:55)
	at org.gradle.execution.plan.DefaultNodeExecutor.execute(DefaultNodeExecutor.java:34)
	at org.gradle.execution.taskgraph.DefaultTaskExecutionGraph$InvokeNodeExecutorsAction.execute(DefaultTaskExecutionGraph.java:355)
	at org.gradle.execution.taskgraph.DefaultTaskExecutionGraph$InvokeNodeExecutorsAction.execute(DefaultTaskExecutionGraph.java:343)
	at org.gradle.execution.taskgraph.DefaultTaskExecutionGraph$BuildOperationAwareExecutionAction.lambda$execute$0(DefaultTaskExecutionGraph.java:339)
	at org.gradle.internal.operations.CurrentBuildOperationRef.with(CurrentBuildOperationRef.java:84)
	at org.gradle.execution.taskgraph.DefaultTaskExecutionGraph$BuildOperationAwareExecutionAction.execute(DefaultTaskExecutionGraph.java:339)
	at org.gradle.execution.taskgraph.DefaultTaskExecutionGraph$BuildOperationAwareExecutionAction.execute(DefaultTaskExecutionGraph.java:328)
	at org.gradle.execution.plan.DefaultPlanExecutor$ExecutorWorker.execute(DefaultPlanExecutor.java:459)
	at org.gradle.execution.plan.DefaultPlanExecutor$ExecutorWorker.run(DefaultPlanExecutor.java:376)
	at org.gradle.internal.concurrent.ExecutorPolicy$CatchAndRecordFailures.onExecute(ExecutorPolicy.java:64)
	at org.gradle.internal.concurrent.AbstractManagedExecutor$1.run(AbstractManagedExecutor.java:47)
Caused by: java.io.UncheckedIOException: java.io.IOException: Unable to delete directory 'C:\Users\bhauk\Documents\projects\PeriodSaathi\app\build\intermediates\packaged_res\debug\packageDebugResources'
  Failed to delete some children. This might happen because a process has files open or has its working directory set in the target directory.
  - C:\Users\bhauk\Documents\projects\PeriodSaathi\app\build\intermediates\packaged_res\debug\packageDebugResources\drawable
  - C:\Users\bhauk\Documents\projects\PeriodSaathi\app\build\intermediates\packaged_res\debug\packageDebugResources\font
  - C:\Users\bhauk\Documents\projects\PeriodSaathi\app\build\intermediates\packaged_res\debug\packageDebugResources\mipmap-anydpi-v26
  - C:\Users\bhauk\Documents\projects\PeriodSaathi\app\build\intermediates\packaged_res\debug\packageDebugResources\mipmap-hdpi-v4
  - C:\Users\bhauk\Documents\projects\PeriodSaathi\app\build\intermediates\packaged_res\debug\packageDebugResources\mipmap-mdpi-v4
  - C:\Users\bhauk\Documents\projects\PeriodSaathi\app\build\intermediates\packaged_res\debug\packageDebugResources\mipmap-xhdpi-v4
  - C:\Users\bhauk\Documents\projects\PeriodSaathi\app\build\intermediates\packaged_res\debug\packageDebugResources\mipmap-xxhdpi-v4
  - C:\Users\bhauk\Documents\projects\PeriodSaathi\app\build\intermediates\packaged_res\debug\packageDebugResources\mipmap-xxxhdpi-v4
  - C:\Users\bhauk\Documents\projects\PeriodSaathi\app\build\intermediates\packaged_res\debug\packageDebugResources\raw
  - C:\Users\bhauk\Documents\projects\PeriodSaathi\app\build\intermediates\packaged_res\debug\packageDebugResources\values
  - C:\Users\bhauk\Documents\projects\PeriodSaathi\app\build\intermediates\packaged_res\debug\packageDebugResources\values-hi
  - C:\Users\bhauk\Documents\projects\PeriodSaathi\app\build\intermediates\packaged_res\debug\packageDebugResources\xml
	at org.gradle.internal.UncheckedException.throwAsUncheckedException(UncheckedException.java:63)
	at org.gradle.internal.UncheckedException.throwAsUncheckedException(UncheckedException.java:42)
	at org.gradle.internal.execution.steps.RemovePreviousOutputsStep$2.visitOutputProperty(RemovePreviousOutputsStep.java:127)
	at org.gradle.api.internal.tasks.execution.TaskExecution.visitOutputs(TaskExecution.java:365)
	at org.gradle.internal.execution.steps.RemovePreviousOutputsStep.cleanupExclusivelyOwnedOutputs(RemovePreviousOutputsStep.java:110)
	at org.gradle.internal.execution.steps.RemovePreviousOutputsStep.executeMutable(RemovePreviousOutputsStep.java:63)
	at org.gradle.internal.execution.steps.RemovePreviousOutputsStep.executeMutable(RemovePreviousOutputsStep.java:39)
	at org.gradle.internal.execution.steps.MutableStep.execute(MutableStep.java:26)
	at org.gradle.internal.execution.steps.BroadcastChangingOutputsStep.execute(BroadcastChangingOutputsStep.java:42)
	at org.gradle.internal.execution.steps.BroadcastChangingOutputsStep.execute(BroadcastChangingOutputsStep.java:24)
	at org.gradle.internal.execution.steps.CaptureOutputsAfterExecutionStep.execute(CaptureOutputsAfterExecutionStep.java:69)
	at org.gradle.internal.execution.steps.CaptureOutputsAfterExecutionStep.execute(CaptureOutputsAfterExecutionStep.java:46)
	at org.gradle.internal.execution.steps.ResolveInputChangesStep.executeMutable(ResolveInputChangesStep.java:39)
	at org.gradle.internal.execution.steps.ResolveInputChangesStep.executeMutable(ResolveInputChangesStep.java:28)
	at org.gradle.internal.execution.steps.MutableStep.execute(MutableStep.java:26)
	at org.gradle.internal.execution.steps.BuildCacheStep.executeWithoutCache(BuildCacheStep.java:189)
	at org.gradle.internal.execution.steps.BuildCacheStep.lambda$execute$1(BuildCacheStep.java:76)
	at org.gradle.internal.Either$Right.fold(Either.java:176)
	at org.gradle.internal.execution.caching.CachingState.fold(CachingState.java:62)
	at org.gradle.internal.execution.steps.BuildCacheStep.execute(BuildCacheStep.java:74)
	at org.gradle.internal.execution.steps.BuildCacheStep.execute(BuildCacheStep.java:49)
	at org.gradle.internal.execution.steps.StoreExecutionStateStep.executeMutable(StoreExecutionStateStep.java:46)
	at org.gradle.internal.execution.steps.StoreExecutionStateStep.executeMutable(StoreExecutionStateStep.java:35)
	at org.gradle.internal.execution.steps.MutableStep.execute(MutableStep.java:26)
	at org.gradle.internal.execution.steps.SkipUpToDateStep.executeBecause(SkipUpToDateStep.java:75)
	at org.gradle.internal.execution.steps.SkipUpToDateStep.lambda$execute$2(SkipUpToDateStep.java:53)
	at org.gradle.internal.execution.steps.SkipUpToDateStep.execute(SkipUpToDateStep.java:53)
	at org.gradle.internal.execution.steps.SkipUpToDateStep.execute(SkipUpToDateStep.java:35)
	at org.gradle.internal.execution.steps.legacy.MarkSnapshottingInputsFinishedStep.execute(MarkSnapshottingInputsFinishedStep.java:37)
	at org.gradle.internal.execution.steps.legacy.MarkSnapshottingInputsFinishedStep.execute(MarkSnapshottingInputsFinishedStep.java:27)
	at org.gradle.internal.execution.steps.ResolveMutableCachingStateStep.executeDelegate(ResolveMutableCachingStateStep.java:70)
	at org.gradle.internal.execution.steps.ResolveMutableCachingStateStep.executeDelegate(ResolveMutableCachingStateStep.java:32)
	at org.gradle.internal.execution.steps.AbstractResolveCachingStateStep.execute(AbstractResolveCachingStateStep.java:69)
	at org.gradle.internal.execution.steps.AbstractResolveCachingStateStep.execute(AbstractResolveCachingStateStep.java:37)
	at org.gradle.internal.execution.steps.ResolveChangesStep.executeMutable(ResolveChangesStep.java:63)
	at org.gradle.internal.execution.steps.ResolveChangesStep.executeMutable(ResolveChangesStep.java:34)
	at org.gradle.internal.execution.steps.MutableStep.execute(MutableStep.java:26)
	at org.gradle.internal.execution.steps.ValidateStep$Mutable.executeDelegate(ValidateStep.java:79)
	at org.gradle.internal.execution.steps.ValidateStep$Mutable.executeDelegate(ValidateStep.java:65)
	at org.gradle.internal.execution.steps.ValidateStep.execute(ValidateStep.java:99)
	at org.gradle.internal.execution.steps.ValidateStep$Mutable.execute(ValidateStep.java:65)
	at org.gradle.internal.execution.steps.CaptureMutableStateBeforeExecutionStep.executeMutable(CaptureMutableStateBeforeExecutionStep.java:86)
	at org.gradle.internal.execution.steps.CaptureMutableStateBeforeExecutionStep.execute(CaptureMutableStateBeforeExecutionStep.java:65)
	at org.gradle.internal.execution.steps.CaptureMutableStateBeforeExecutionStep.execute(CaptureMutableStateBeforeExecutionStep.java:45)
	at org.gradle.internal.execution.steps.SkipEmptyMutableWorkStep.executeWithNonEmptySources(SkipEmptyMutableWorkStep.java:210)
	at org.gradle.internal.execution.steps.SkipEmptyMutableWorkStep.executeMutable(SkipEmptyMutableWorkStep.java:85)
	at org.gradle.internal.execution.steps.SkipEmptyMutableWorkStep.executeMutable(SkipEmptyMutableWorkStep.java:53)
	at org.gradle.internal.execution.steps.MutableStep.execute(MutableStep.java:26)
	at org.gradle.internal.execution.steps.legacy.MarkSnapshottingInputsStartedStep.execute(MarkSnapshottingInputsStartedStep.java:38)
	at org.gradle.internal.execution.steps.LoadPreviousExecutionStateStep.executeMutable(LoadPreviousExecutionStateStep.java:36)
	at org.gradle.internal.execution.steps.LoadPreviousExecutionStateStep.executeMutable(LoadPreviousExecutionStateStep.java:23)
	at org.gradle.internal.execution.steps.MutableStep.execute(MutableStep.java:26)
	at org.gradle.internal.execution.steps.HandleStaleOutputsStep.executeMutable(HandleStaleOutputsStep.java:77)
	at org.gradle.internal.execution.steps.HandleStaleOutputsStep.executeMutable(HandleStaleOutputsStep.java:43)
	at org.gradle.internal.execution.steps.MutableStep.execute(MutableStep.java:26)
	at org.gradle.internal.execution.steps.AssignMutableWorkspaceStep.lambda$executeMutable$0(AssignMutableWorkspaceStep.java:34)
	at org.gradle.api.internal.tasks.execution.TaskExecution$4.withWorkspace(TaskExecution.java:305)
	at org.gradle.internal.execution.steps.AssignMutableWorkspaceStep.executeMutable(AssignMutableWorkspaceStep.java:30)
	at org.gradle.internal.execution.steps.AssignMutableWorkspaceStep.executeMutable(AssignMutableWorkspaceStep.java:21)
	at org.gradle.internal.execution.steps.MutableStep.execute(MutableStep.java:26)
	at org.gradle.internal.execution.steps.ChoosePipelineStep.execute(ChoosePipelineStep.java:40)
	at org.gradle.internal.execution.steps.ChoosePipelineStep.execute(ChoosePipelineStep.java:23)
	at org.gradle.internal.execution.steps.ExecuteWorkBuildOperationFiringStep.lambda$execute$2(ExecuteWorkBuildOperationFiringStep.java:67)
	at org.gradle.internal.execution.steps.ExecuteWorkBuildOperationFiringStep.execute(ExecuteWorkBuildOperationFiringStep.java:67)
	at org.gradle.internal.execution.steps.ExecuteWorkBuildOperationFiringStep.execute(ExecuteWorkBuildOperationFiringStep.java:39)
	at org.gradle.internal.execution.steps.IdentityCacheStep.execute(IdentityCacheStep.java:46)
	at org.gradle.internal.execution.steps.IdentityCacheStep.execute(IdentityCacheStep.java:34)
	at org.gradle.internal.execution.steps.IdentifyStep.execute(IdentifyStep.java:56)
	at org.gradle.internal.execution.steps.IdentifyStep.execute(IdentifyStep.java:38)
	at org.gradle.internal.execution.impl.DefaultExecutionEngine$1.execute(DefaultExecutionEngine.java:68)
	at org.gradle.api.internal.tasks.execution.ExecuteActionsTaskExecuter.executeIfValid(ExecuteActionsTaskExecuter.java:132)
	at org.gradle.api.internal.tasks.execution.ExecuteActionsTaskExecuter.execute(ExecuteActionsTaskExecuter.java:121)
	at org.gradle.api.internal.tasks.execution.ProblemsTaskPathTrackingTaskExecuter.execute(ProblemsTaskPathTrackingTaskExecuter.java:41)
	at org.gradle.api.internal.tasks.execution.ResolveTaskExecutionModeExecuter.execute(ResolveTaskExecutionModeExecuter.java:51)
	at org.gradle.api.internal.tasks.execution.FinalizePropertiesTaskExecuter.execute(FinalizePropertiesTaskExecuter.java:46)
	at org.gradle.api.internal.tasks.execution.SkipTaskWithNoActionsExecuter.execute(SkipTaskWithNoActionsExecuter.java:57)
	at org.gradle.api.internal.tasks.execution.SkipOnlyIfTaskExecuter.execute(SkipOnlyIfTaskExecuter.java:74)
	at org.gradle.api.internal.tasks.execution.CatchExceptionTaskExecuter.execute(CatchExceptionTaskExecuter.java:36)
	... 23 more
Caused by: java.io.IOException: Unable to delete directory 'C:\Users\bhauk\Documents\projects\PeriodSaathi\app\build\intermediates\packaged_res\debug\packageDebugResources'
  Failed to delete some children. This might happen because a process has files open or has its working directory set in the target directory.
  - C:\Users\bhauk\Documents\projects\PeriodSaathi\app\build\intermediates\packaged_res\debug\packageDebugResources\drawable
  - C:\Users\bhauk\Documents\projects\PeriodSaathi\app\build\intermediates\packaged_res\debug\packageDebugResources\font
  - C:\Users\bhauk\Documents\projects\PeriodSaathi\app\build\intermediates\packaged_res\debug\packageDebugResources\mipmap-anydpi-v26
  - C:\Users\bhauk\Documents\projects\PeriodSaathi\app\build\intermediates\packaged_res\debug\packageDebugResources\mipmap-hdpi-v4
  - C:\Users\bhauk\Documents\projects\PeriodSaathi\app\build\intermediates\packaged_res\debug\packageDebugResources\mipmap-mdpi-v4
  - C:\Users\bhauk\Documents\projects\PeriodSaathi\app\build\intermediates\packaged_res\debug\packageDebugResources\mipmap-xhdpi-v4
  - C:\Users\bhauk\Documents\projects\PeriodSaathi\app\build\intermediates\packaged_res\debug\packageDebugResources\mipmap-xxhdpi-v4
  - C:\Users\bhauk\Documents\projects\PeriodSaathi\app\build\intermediates\packaged_res\debug\packageDebugResources\mipmap-xxxhdpi-v4
  - C:\Users\bhauk\Documents\projects\PeriodSaathi\app\build\intermediates\packaged_res\debug\packageDebugResources\raw
  - C:\Users\bhauk\Documents\projects\PeriodSaathi\app\build\intermediates\packaged_res\debug\packageDebugResources\values
  - C:\Users\bhauk\Documents\projects\PeriodSaathi\app\build\intermediates\packaged_res\debug\packageDebugResources\values-hi
  - C:\Users\bhauk\Documents\projects\PeriodSaathi\app\build\intermediates\packaged_res\debug\packageDebugResources\xml
	at org.gradle.internal.file.impl.DefaultDeleter.throwWithHelpMessage(DefaultDeleter.java:233)
	at org.gradle.internal.file.impl.DefaultDeleter.deleteRecursively(DefaultDeleter.java:117)
	at org.gradle.internal.file.impl.DefaultDeleter.ensureEmptyDirectory(DefaultDeleter.java:90)
	at org.gradle.internal.file.impl.DefaultDeleter.ensureEmptyDirectory(DefaultDeleter.java:82)
	at org.gradle.internal.execution.steps.RemovePreviousOutputsStep$2.visitOutputProperty(RemovePreviousOutputsStep.java:121)
	... 98 more
	Suppressed: java.nio.file.AccessDeniedException: C:\Users\bhauk\Documents\projects\PeriodSaathi\app\build\intermediates\packaged_res\debug\packageDebugResources\drawable
		at java.base/sun.nio.fs.WindowsException.translateToIOException(Unknown Source)
		at java.base/sun.nio.fs.WindowsException.rethrowAsIOException(Unknown Source)
		at java.base/sun.nio.fs.WindowsException.rethrowAsIOException(Unknown Source)
		at java.base/sun.nio.fs.WindowsFileSystemProvider.implDelete(Unknown Source)
		at java.base/sun.nio.fs.AbstractFileSystemProvider.deleteIfExists(Unknown Source)
		at java.base/java.nio.file.Files.deleteIfExists(Unknown Source)
		at org.gradle.internal.file.impl.DefaultDeleter.deleteFile(DefaultDeleter.java:198)
		at org.gradle.internal.file.impl.DefaultDeleter.tryHardToDelete(DefaultDeleter.java:186)
		at org.gradle.internal.file.impl.DefaultDeleter.deleteRecursively(DefaultDeleter.java:143)
		at org.gradle.internal.file.impl.DefaultDeleter.deleteRecursively(DefaultDeleter.java:134)
		at org.gradle.internal.file.impl.DefaultDeleter.deleteRecursively(DefaultDeleter.java:115)
		at org.gradle.internal.file.impl.DefaultDeleter.ensureEmptyDirectory(DefaultDeleter.java:90)
		at org.gradle.internal.file.impl.DefaultDeleter.ensureEmptyDirectory(DefaultDeleter.java:82)
		at org.gradle.internal.execution.steps.RemovePreviousOutputsStep$2.visitOutputProperty(RemovePreviousOutputsStep.java:121)
		at org.gradle.api.internal.tasks.execution.TaskExecution.visitOutputs(TaskExecution.java:365)
		at org.gradle.internal.execution.steps.RemovePreviousOutputsStep.cleanupExclusivelyOwnedOutputs(RemovePreviousOutputsStep.java:110)
		at org.gradle.internal.execution.steps.RemovePreviousOutputsStep.executeMutable(RemovePreviousOutputsStep.java:63)
		at org.gradle.internal.execution.steps.RemovePreviousOutputsStep.executeMutable(RemovePreviousOutputsStep.java:39)
		at org.gradle.internal.execution.steps.MutableStep.execute(MutableStep.java:26)
		at org.gradle.internal.execution.steps.BroadcastChangingOutputsStep.execute(BroadcastChangingOutputsStep.java:42)
		at org.gradle.internal.execution.steps.BroadcastChangingOutputsStep.execute(BroadcastChangingOutputsStep.java:24)
		at org.gradle.internal.execution.steps.CaptureOutputsAfterExecutionStep.execute(CaptureOutputsAfterExecutionStep.java:69)
		at org.gradle.internal.execution.steps.CaptureOutputsAfterExecutionStep.execute(CaptureOutputsAfterExecutionStep.java:46)
		at org.gradle.internal.execution.steps.ResolveInputChangesStep.executeMutable(ResolveInputChangesStep.java:39)
		at org.gradle.internal.execution.steps.ResolveInputChangesStep.executeMutable(ResolveInputChangesStep.java:28)
		at org.gradle.internal.execution.steps.MutableStep.execute(MutableStep.java:26)
		at org.gradle.internal.execution.steps.BuildCacheStep.executeWithoutCache(BuildCacheStep.java:189)
		at org.gradle.internal.execution.steps.BuildCacheStep.lambda$execute$1(BuildCacheStep.java:76)
		at org.gradle.internal.Either$Right.fold(Either.java:176)
		at org.gradle.internal.execution.caching.CachingState.fold(CachingState.java:62)
		at org.gradle.internal.execution.steps.BuildCacheStep.execute(BuildCacheStep.java:74)
		at org.gradle.internal.execution.steps.BuildCacheStep.execute(BuildCacheStep.java:49)
		at org.gradle.internal.execution.steps.StoreExecutionStateStep.executeMutable(StoreExecutionStateStep.java:46)
		at org.gradle.internal.execution.steps.StoreExecutionStateStep.executeMutable(StoreExecutionStateStep.java:35)
		at org.gradle.internal.execution.steps.MutableStep.execute(MutableStep.java:26)
		at org.gradle.internal.execution.steps.SkipUpToDateStep.executeBecause(SkipUpToDateStep.java:75)
		at org.gradle.internal.execution.steps.SkipUpToDateStep.lambda$execute$2(SkipUpToDateStep.java:53)
		at java.base/java.util.Optional.orElseGet(Unknown Source)
		at org.gradle.internal.execution.steps.SkipUpToDateStep.execute(SkipUpToDateStep.java:53)
		at org.gradle.internal.execution.steps.SkipUpToDateStep.execute(SkipUpToDateStep.java:35)
		at org.gradle.internal.execution.steps.legacy.MarkSnapshottingInputsFinishedStep.execute(MarkSnapshottingInputsFinishedStep.java:37)
		at org.gradle.internal.execution.steps.legacy.MarkSnapshottingInputsFinishedStep.execute(MarkSnapshottingInputsFinishedStep.java:27)
		at org.gradle.internal.execution.steps.ResolveMutableCachingStateStep.executeDelegate(ResolveMutableCachingStateStep.java:70)
		at org.gradle.internal.execution.steps.ResolveMutableCachingStateStep.executeDelegate(ResolveMutableCachingStateStep.java:32)
		at org.gradle.internal.execution.steps.AbstractResolveCachingStateStep.execute(AbstractResolveCachingStateStep.java:69)
		at org.gradle.internal.execution.steps.AbstractResolveCachingStateStep.execute(AbstractResolveCachingStateStep.java:37)
		at org.gradle.internal.execution.steps.ResolveChangesStep.executeMutable(ResolveChangesStep.java:63)
		at org.gradle.internal.execution.steps.ResolveChangesStep.executeMutable(ResolveChangesStep.java:34)
		at org.gradle.internal.execution.steps.MutableStep.execute(MutableStep.java:26)
		at org.gradle.internal.execution.steps.ValidateStep$Mutable.executeDelegate(ValidateStep.java:79)
		at org.gradle.internal.execution.steps.ValidateStep$Mutable.executeDelegate(ValidateStep.java:65)
		at org.gradle.internal.execution.steps.ValidateStep.execute(ValidateStep.java:99)
		at org.gradle.internal.execution.steps.ValidateStep$Mutable.execute(ValidateStep.java:65)
		at org.gradle.internal.execution.steps.CaptureMutableStateBeforeExecutionStep.executeMutable(CaptureMutableStateBeforeExecutionStep.java:86)
		at org.gradle.internal.execution.steps.CaptureMutableStateBeforeExecutionStep.execute(CaptureMutableStateBeforeExecutionStep.java:65)
		at org.gradle.internal.execution.steps.CaptureMutableStateBeforeExecutionStep.execute(CaptureMutableStateBeforeExecutionStep.java:45)
		at org.gradle.internal.execution.steps.SkipEmptyMutableWorkStep.executeWithNonEmptySources(SkipEmptyMutableWorkStep.java:210)
		at org.gradle.internal.execution.steps.SkipEmptyMutableWorkStep.executeMutable(SkipEmptyMutableWorkStep.java:85)
		at org.gradle.internal.execution.steps.SkipEmptyMutableWorkStep.executeMutable(SkipEmptyMutableWorkStep.java:53)
		at org.gradle.internal.execution.steps.MutableStep.execute(MutableStep.java:26)
		at org.gradle.internal.execution.steps.legacy.MarkSnapshottingInputsStartedStep.execute(MarkSnapshottingInputsStartedStep.java:38)
		at org.gradle.internal.execution.steps.LoadPreviousExecutionStateStep.executeMutable(LoadPreviousExecutionStateStep.java:36)
		at org.gradle.internal.execution.steps.LoadPreviousExecutionStateStep.executeMutable(LoadPreviousExecutionStateStep.java:23)
		at org.gradle.internal.execution.steps.MutableStep.execute(MutableStep.java:26)
		at org.gradle.internal.execution.steps.HandleStaleOutputsStep.executeMutable(HandleStaleOutputsStep.java:77)
		at org.gradle.internal.execution.steps.HandleStaleOutputsStep.executeMutable(HandleStaleOutputsStep.java:43)
		at org.gradle.internal.execution.steps.MutableStep.execute(MutableStep.java:26)
		at org.gradle.internal.execution.steps.AssignMutableWorkspaceStep.lambda$executeMutable$0(AssignMutableWorkspaceStep.java:34)
		at org.gradle.api.internal.tasks.execution.TaskExecution$4.withWorkspace(TaskExecution.java:305)
		at org.gradle.internal.execution.steps.AssignMutableWorkspaceStep.executeMutable(AssignMutableWorkspaceStep.java:30)
		at org.gradle.internal.execution.steps.AssignMutableWorkspaceStep.executeMutable(AssignMutableWorkspaceStep.java:21)
		at org.gradle.internal.execution.steps.MutableStep.execute(MutableStep.java:26)
		at org.gradle.internal.execution.steps.ChoosePipelineStep.execute(ChoosePipelineStep.java:40)
		at org.gradle.internal.execution.steps.ChoosePipelineStep.execute(ChoosePipelineStep.java:23)
		at org.gradle.internal.execution.steps.ExecuteWorkBuildOperationFiringStep.lambda$execute$2(ExecuteWorkBuildOperationFiringStep.java:67)
		at java.base/java.util.Optional.orElseGet(Unknown Source)
		at org.gradle.internal.execution.steps.ExecuteWorkBuildOperationFiringStep.execute(ExecuteWorkBuildOperationFiringStep.java:67)
		at org.gradle.internal.execution.steps.ExecuteWorkBuildOperationFiringStep.execute(ExecuteWorkBuildOperationFiringStep.java:39)
		at org.gradle.internal.execution.steps.IdentityCacheStep.execute(IdentityCacheStep.java:46)
		at org.gradle.internal.execution.steps.IdentityCacheStep.execute(IdentityCacheStep.java:34)
		at org.gradle.internal.execution.steps.IdentifyStep.execute(IdentifyStep.java:56)
		at org.gradle.internal.execution.steps.IdentifyStep.execute(IdentifyStep.java:38)
		at org.gradle.internal.execution.impl.DefaultExecutionEngine$1.execute(DefaultExecutionEngine.java:68)
		at org.gradle.api.internal.tasks.execution.ExecuteActionsTaskExecuter.executeIfValid(ExecuteActionsTaskExecuter.java:132)
		at org.gradle.api.internal.tasks.execution.ExecuteActionsTaskExecuter.execute(ExecuteActionsTaskExecuter.java:121)
		at org.gradle.api.internal.tasks.execution.ProblemsTaskPathTrackingTaskExecuter.execute(ProblemsTaskPathTrackingTaskExecuter.java:41)
		at org.gradle.api.internal.tasks.execution.ResolveTaskExecutionModeExecuter.execute(ResolveTaskExecutionModeExecuter.java:51)
		at org.gradle.api.internal.tasks.execution.FinalizePropertiesTaskExecuter.execute(FinalizePropertiesTaskExecuter.java:46)
		at org.gradle.api.internal.tasks.execution.SkipTaskWithNoActionsExecuter.execute(SkipTaskWithNoActionsExecuter.java:57)
		at org.gradle.api.internal.tasks.execution.SkipOnlyIfTaskExecuter.execute(SkipOnlyIfTaskExecuter.java:74)
		at org.gradle.api.internal.tasks.execution.CatchExceptionTaskExecuter.execute(CatchExceptionTaskExecuter.java:36)
		at org.gradle.api.internal.tasks.execution.EventFiringTaskExecuter$1.executeTask(EventFiringTaskExecuter.java:77)
		at org.gradle.api.internal.tasks.execution.EventFiringTaskExecuter$1.call(EventFiringTaskExecuter.java:55)
		at org.gradle.api.internal.tasks.execution.EventFiringTaskExecuter$1.call(EventFiringTaskExecuter.java:52)
		at org.gradle.internal.operations.DefaultBuildOperationRunner$CallableBuildOperationWorker.execute(DefaultBuildOperationRunner.java:210)
		at org.gradle.internal.operations.DefaultBuildOperationRunner$CallableBuildOperationWorker.execute(DefaultBuildOperationRunner.java:205)
		at org.gradle.internal.operations.DefaultBuildOperationRunner$2.execute(DefaultBuildOperationRunner.java:67)
		at org.gradle.internal.operations.DefaultBuildOperationRunner$2.execute(DefaultBuildOperationRunner.java:60)
		at org.gradle.internal.operations.DefaultBuildOperationRunner.execute(DefaultBuildOperationRunner.java:167)
		at org.gradle.internal.operations.DefaultBuildOperationRunner.execute(DefaultBuildOperationRunner.java:60)
		at org.gradle.internal.operations.DefaultBuildOperationRunner.call(DefaultBuildOperationRunner.java:54)
		at org.gradle.api.internal.tasks.execution.EventFiringTaskExecuter.execute(EventFiringTaskExecuter.java:52)
		at org.gradle.execution.plan.DefaultNodeExecutor.executeLocalTaskNode(DefaultNodeExecutor.java:55)
		at org.gradle.execution.plan.DefaultNodeExecutor.execute(DefaultNodeExecutor.java:34)
		at org.gradle.execution.taskgraph.DefaultTaskExecutionGraph$InvokeNodeExecutorsAction.execute(DefaultTaskExecutionGraph.java:355)
		at org.gradle.execution.taskgraph.DefaultTaskExecutionGraph$InvokeNodeExecutorsAction.execute(DefaultTaskExecutionGraph.java:343)
		at org.gradle.execution.taskgraph.DefaultTaskExecutionGraph$BuildOperationAwareExecutionAction.lambda$execute$0(DefaultTaskExecutionGraph.java:339)
		at org.gradle.internal.operations.CurrentBuildOperationRef.with(CurrentBuildOperationRef.java:84)
		at org.gradle.execution.taskgraph.DefaultTaskExecutionGraph$BuildOperationAwareExecutionAction.execute(DefaultTaskExecutionGraph.java:339)
		at org.gradle.execution.taskgraph.DefaultTaskExecutionGraph$BuildOperationAwareExecutionAction.execute(DefaultTaskExecutionGraph.java:328)
		at org.gradle.execution.plan.DefaultPlanExecutor$ExecutorWorker.execute(DefaultPlanExecutor.java:459)
		at org.gradle.execution.plan.DefaultPlanExecutor$ExecutorWorker.run(DefaultPlanExecutor.java:376)
		at org.gradle.internal.concurrent.ExecutorPolicy$CatchAndRecordFailures.onExecute(ExecutorPolicy.java:64)
		at org.gradle.internal.concurrent.AbstractManagedExecutor$1.run(AbstractManagedExecutor.java:47)
		at java.base/java.util.concurrent.ThreadPoolExecutor.runWorker(Unknown Source)
		at java.base/java.util.concurrent.ThreadPoolExecutor$Worker.run(Unknown Source)
		at java.base/java.lang.Thread.run(Unknown Source)
	Suppressed: java.nio.file.AccessDeniedException: C:\Users\bhauk\Documents\projects\PeriodSaathi\app\build\intermediates\packaged_res\debug\packageDebugResources\font
		at java.base/sun.nio.fs.WindowsException.translateToIOException(Unknown Source)
		at java.base/sun.nio.fs.WindowsException.rethrowAsIOException(Unknown Source)
		at java.base/sun.nio.fs.WindowsException.rethrowAsIOException(Unknown Source)
		at java.base/sun.nio.fs.WindowsFileSystemProvider.implDelete(Unknown Source)
		at java.base/sun.nio.fs.AbstractFileSystemProvider.deleteIfExists(Unknown Source)
		at java.base/java.nio.file.Files.deleteIfExists(Unknown Source)
		at org.gradle.internal.file.impl.DefaultDeleter.deleteFile(DefaultDeleter.java:198)
		at org.gradle.internal.file.impl.DefaultDeleter.tryHardToDelete(DefaultDeleter.java:186)
		at org.gradle.internal.file.impl.DefaultDeleter.deleteRecursively(DefaultDeleter.java:143)
		at org.gradle.internal.file.impl.DefaultDeleter.deleteRecursively(DefaultDeleter.java:134)
		at org.gradle.internal.file.impl.DefaultDeleter.deleteRecursively(DefaultDeleter.java:115)
		at org.gradle.internal.file.impl.DefaultDeleter.ensureEmptyDirectory(DefaultDeleter.java:90)
		at org.gradle.internal.file.impl.DefaultDeleter.ensureEmptyDirectory(DefaultDeleter.java:82)
		at org.gradle.internal.execution.steps.RemovePreviousOutputsStep$2.visitOutputProperty(RemovePreviousOutputsStep.java:121)
		at org.gradle.api.internal.tasks.execution.TaskExecution.visitOutputs(TaskExecution.java:365)
		at org.gradle.internal.execution.steps.RemovePreviousOutputsStep.cleanupExclusivelyOwnedOutputs(RemovePreviousOutputsStep.java:110)
		at org.gradle.internal.execution.steps.RemovePreviousOutputsStep.executeMutable(RemovePreviousOutputsStep.java:63)
		at org.gradle.internal.execution.steps.RemovePreviousOutputsStep.executeMutable(RemovePreviousOutputsStep.java:39)
		at org.gradle.internal.execution.steps.MutableStep.execute(MutableStep.java:26)
		at org.gradle.internal.execution.steps.BroadcastChangingOutputsStep.execute(BroadcastChangingOutputsStep.java:42)
		at org.gradle.internal.execution.steps.BroadcastChangingOutputsStep.execute(BroadcastChangingOutputsStep.java:24)
		at org.gradle.internal.execution.steps.CaptureOutputsAfterExecutionStep.execute(CaptureOutputsAfterExecutionStep.java:69)
		at org.gradle.internal.execution.steps.CaptureOutputsAfterExecutionStep.execute(CaptureOutputsAfterExecutionStep.java:46)
		at org.gradle.internal.execution.steps.ResolveInputChangesStep.executeMutable(ResolveInputChangesStep.java:39)
		at org.gradle.internal.execution.steps.ResolveInputChangesStep.executeMutable(ResolveInputChangesStep.java:28)
		at org.gradle.internal.execution.steps.MutableStep.execute(MutableStep.java:26)
		at org.gradle.internal.execution.steps.BuildCacheStep.executeWithoutCache(BuildCacheStep.java:189)
		at org.gradle.internal.execution.steps.BuildCacheStep.lambda$execute$1(BuildCacheStep.java:76)
		at org.gradle.internal.Either$Right.fold(Either.java:176)
		at org.gradle.internal.execution.caching.CachingState.fold(CachingState.java:62)
		at org.gradle.internal.execution.steps.BuildCacheStep.execute(BuildCacheStep.java:74)
		at org.gradle.internal.execution.steps.BuildCacheStep.execute(BuildCacheStep.java:49)
		at org.gradle.internal.execution.steps.StoreExecutionStateStep.executeMutable(StoreExecutionStateStep.java:46)
		at org.gradle.internal.execution.steps.StoreExecutionStateStep.executeMutable(StoreExecutionStateStep.java:35)
		at org.gradle.internal.execution.steps.MutableStep.execute(MutableStep.java:26)
		at org.gradle.internal.execution.steps.SkipUpToDateStep.executeBecause(SkipUpToDateStep.java:75)
		at org.gradle.internal.execution.steps.SkipUpToDateStep.lambda$execute$2(SkipUpToDateStep.java:53)
		at java.base/java.util.Optional.orElseGet(Unknown Source)
		at org.gradle.internal.execution.steps.SkipUpToDateStep.execute(SkipUpToDateStep.java:53)
		at org.gradle.internal.execution.steps.SkipUpToDateStep.execute(SkipUpToDateStep.java:35)
		at org.gradle.internal.execution.steps.legacy.MarkSnapshottingInputsFinishedStep.execute(MarkSnapshottingInputsFinishedStep.java:37)
		at org.gradle.internal.execution.steps.legacy.MarkSnapshottingInputsFinishedStep.execute(MarkSnapshottingInputsFinishedStep.java:27)
		at org.gradle.internal.execution.steps.ResolveMutableCachingStateStep.executeDelegate(ResolveMutableCachingStateStep.java:70)
		at org.gradle.internal.execution.steps.ResolveMutableCachingStateStep.executeDelegate(ResolveMutableCachingStateStep.java:32)
		at org.gradle.internal.execution.steps.AbstractResolveCachingStateStep.execute(AbstractResolveCachingStateStep.java:69)
		at org.gradle.internal.execution.steps.AbstractResolveCachingStateStep.execute(AbstractResolveCachingStateStep.java:37)
		at org.gradle.internal.execution.steps.ResolveChangesStep.executeMutable(ResolveChangesStep.java:63)
		at org.gradle.internal.execution.steps.ResolveChangesStep.executeMutable(ResolveChangesStep.java:34)
		at org.gradle.internal.execution.steps.MutableStep.execute(MutableStep.java:26)
		at org.gradle.internal.execution.steps.ValidateStep$Mutable.executeDelegate(ValidateStep.java:79)
		at org.gradle.internal.execution.steps.ValidateStep$Mutable.executeDelegate(ValidateStep.java:65)
		at org.gradle.internal.execution.steps.ValidateStep.execute(ValidateStep.java:99)
		at org.gradle.internal.execution.steps.ValidateStep$Mutable.execute(ValidateStep.java:65)
		at org.gradle.internal.execution.steps.CaptureMutableStateBeforeExecutionStep.executeMutable(CaptureMutableStateBeforeExecutionStep.java:86)
		at org.gradle.internal.execution.steps.CaptureMutableStateBeforeExecutionStep.execute(CaptureMutableStateBeforeExecutionStep.java:65)
		at org.gradle.internal.execution.steps.CaptureMutableStateBeforeExecutionStep.execute(CaptureMutableStateBeforeExecutionStep.java:45)
		at org.gradle.internal.execution.steps.SkipEmptyMutableWorkStep.executeWithNonEmptySources(SkipEmptyMutableWorkStep.java:210)
		at org.gradle.internal.execution.steps.SkipEmptyMutableWorkStep.executeMutable(SkipEmptyMutableWorkStep.java:85)
		at org.gradle.internal.execution.steps.SkipEmptyMutableWorkStep.executeMutable(SkipEmptyMutableWorkStep.java:53)
		at org.gradle.internal.execution.steps.MutableStep.execute(MutableStep.java:26)
		at org.gradle.internal.execution.steps.legacy.MarkSnapshottingInputsStartedStep.execute(MarkSnapshottingInputsStartedStep.java:38)
		at org.gradle.internal.execution.steps.LoadPreviousExecutionStateStep.executeMutable(LoadPreviousExecutionStateStep.java:36)
		at org.gradle.internal.execution.steps.LoadPreviousExecutionStateStep.executeMutable(LoadPreviousExecutionStateStep.java:23)
		at org.gradle.internal.execution.steps.MutableStep.execute(MutableStep.java:26)
		at org.gradle.internal.execution.steps.HandleStaleOutputsStep.executeMutable(HandleStaleOutputsStep.java:77)
		at org.gradle.internal.execution.steps.HandleStaleOutputsStep.executeMutable(HandleStaleOutputsStep.java:43)
		at org.gradle.internal.execution.steps.MutableStep.execute(MutableStep.java:26)
		at org.gradle.internal.execution.steps.AssignMutableWorkspaceStep.lambda$executeMutable$0(AssignMutableWorkspaceStep.java:34)
		at org.gradle.api.internal.tasks.execution.TaskExecution$4.withWorkspace(TaskExecution.java:305)
		at org.gradle.internal.execution.steps.AssignMutableWorkspaceStep.executeMutable(AssignMutableWorkspaceStep.java:30)
		at org.gradle.internal.execution.steps.AssignMutableWorkspaceStep.executeMutable(AssignMutableWorkspaceStep.java:21)
		at org.gradle.internal.execution.steps.MutableStep.execute(MutableStep.java:26)
		at org.gradle.internal.execution.steps.ChoosePipelineStep.execute(ChoosePipelineStep.java:40)
		at org.gradle.internal.execution.steps.ChoosePipelineStep.execute(ChoosePipelineStep.java:23)
		at org.gradle.internal.execution.steps.ExecuteWorkBuildOperationFiringStep.lambda$execute$2(ExecuteWorkBuildOperationFiringStep.java:67)
		at java.base/java.util.Optional.orElseGet(Unknown Source)
		at org.gradle.internal.execution.steps.ExecuteWorkBuildOperationFiringStep.execute(ExecuteWorkBuildOperationFiringStep.java:67)
		at org.gradle.internal.execution.steps.ExecuteWorkBuildOperationFiringStep.execute(ExecuteWorkBuildOperationFiringStep.java:39)
		at org.gradle.internal.execution.steps.IdentityCacheStep.execute(IdentityCacheStep.java:46)
		at org.gradle.internal.execution.steps.IdentityCacheStep.execute(IdentityCacheStep.java:34)
		at org.gradle.internal.execution.steps.IdentifyStep.execute(IdentifyStep.java:56)
		at org.gradle.internal.execution.steps.IdentifyStep.execute(IdentifyStep.java:38)
		at org.gradle.internal.execution.impl.DefaultExecutionEngine$1.execute(DefaultExecutionEngine.java:68)
		at org.gradle.api.internal.tasks.execution.ExecuteActionsTaskExecuter.executeIfValid(ExecuteActionsTaskExecuter.java:132)
		at org.gradle.api.internal.tasks.execution.ExecuteActionsTaskExecuter.execute(ExecuteActionsTaskExecuter.java:121)
		at org.gradle.api.internal.tasks.execution.ProblemsTaskPathTrackingTaskExecuter.execute(ProblemsTaskPathTrackingTaskExecuter.java:41)
		at org.gradle.api.internal.tasks.execution.ResolveTaskExecutionModeExecuter.execute(ResolveTaskExecutionModeExecuter.java:51)
		at org.gradle.api.internal.tasks.execution.FinalizePropertiesTaskExecuter.execute(FinalizePropertiesTaskExecuter.java:46)
		at org.gradle.api.internal.tasks.execution.SkipTaskWithNoActionsExecuter.execute(SkipTaskWithNoActionsExecuter.java:57)
		at org.gradle.api.internal.tasks.execution.SkipOnlyIfTaskExecuter.execute(SkipOnlyIfTaskExecuter.java:74)
		at org.gradle.api.internal.tasks.execution.CatchExceptionTaskExecuter.execute(CatchExceptionTaskExecuter.java:36)
		at org.gradle.api.internal.tasks.execution.EventFiringTaskExecuter$1.executeTask(EventFiringTaskExecuter.java:77)
		at org.gradle.api.internal.tasks.execution.EventFiringTaskExecuter$1.call(EventFiringTaskExecuter.java:55)
		at org.gradle.api.internal.tasks.execution.EventFiringTaskExecuter$1.call(EventFiringTaskExecuter.java:52)
		at org.gradle.internal.operations.DefaultBuildOperationRunner$CallableBuildOperationWorker.execute(DefaultBuildOperationRunner.java:210)
		at org.gradle.internal.operations.DefaultBuildOperationRunner$CallableBuildOperationWorker.execute(DefaultBuildOperationRunner.java:205)
		at org.gradle.internal.operations.DefaultBuildOperationRunner$2.execute(DefaultBuildOperationRunner.java:67)
		at org.gradle.internal.operations.DefaultBuildOperationRunner$2.execute(DefaultBuildOperationRunner.java:60)
		at org.gradle.internal.operations.DefaultBuildOperationRunner.execute(DefaultBuildOperationRunner.java:167)
		at org.gradle.internal.operations.DefaultBuildOperationRunner.execute(DefaultBuildOperationRunner.java:60)
		at org.gradle.internal.operations.DefaultBuildOperationRunner.call(DefaultBuildOperationRunner.java:54)
		at org.gradle.api.internal.tasks.execution.EventFiringTaskExecuter.execute(EventFiringTaskExecuter.java:52)
		at org.gradle.execution.plan.DefaultNodeExecutor.executeLocalTaskNode(DefaultNodeExecutor.java:55)
		at org.gradle.execution.plan.DefaultNodeExecutor.execute(DefaultNodeExecutor.java:34)
		at org.gradle.execution.taskgraph.DefaultTaskExecutionGraph$InvokeNodeExecutorsAction.execute(DefaultTaskExecutionGraph.java:355)
		at org.gradle.execution.taskgraph.DefaultTaskExecutionGraph$InvokeNodeExecutorsAction.execute(DefaultTaskExecutionGraph.java:343)
		at org.gradle.execution.taskgraph.DefaultTaskExecutionGraph$BuildOperationAwareExecutionAction.lambda$execute$0(DefaultTaskExecutionGraph.java:339)
		at org.gradle.internal.operations.CurrentBuildOperationRef.with(CurrentBuildOperationRef.java:84)
		at org.gradle.execution.taskgraph.DefaultTaskExecutionGraph$BuildOperationAwareExecutionAction.execute(DefaultTaskExecutionGraph.java:339)
		at org.gradle.execution.taskgraph.DefaultTaskExecutionGraph$BuildOperationAwareExecutionAction.execute(DefaultTaskExecutionGraph.java:328)
		at org.gradle.execution.plan.DefaultPlanExecutor$ExecutorWorker.execute(DefaultPlanExecutor.java:459)
		at org.gradle.execution.plan.DefaultPlanExecutor$ExecutorWorker.run(DefaultPlanExecutor.java:376)
		at org.gradle.internal.concurrent.ExecutorPolicy$CatchAndRecordFailures.onExecute(ExecutorPolicy.java:64)
		at org.gradle.internal.concurrent.AbstractManagedExecutor$1.run(AbstractManagedExecutor.java:47)
		at java.base/java.util.concurrent.ThreadPoolExecutor.runWorker(Unknown Source)
		at java.base/java.util.concurrent.ThreadPoolExecutor$Worker.run(Unknown Source)
		at java.base/java.lang.Thread.run(Unknown Source)
	Suppressed: java.nio.file.AccessDeniedException: C:\Users\bhauk\Documents\projects\PeriodSaathi\app\build\intermediates\packaged_res\debug\packageDebugResources\mipmap-anydpi-v26
		at java.base/sun.nio.fs.WindowsException.translateToIOException(Unknown Source)
		at java.base/sun.nio.fs.WindowsException.rethrowAsIOException(Unknown Source)
		at java.base/sun.nio.fs.WindowsException.rethrowAsIOException(Unknown Source)
		at java.base/sun.nio.fs.WindowsFileSystemProvider.implDelete(Unknown Source)
		at java.base/sun.nio.fs.AbstractFileSystemProvider.deleteIfExists(Unknown Source)
		at java.base/java.nio.file.Files.deleteIfExists(Unknown Source)
		at org.gradle.internal.file.impl.DefaultDeleter.deleteFile(DefaultDeleter.java:198)
		at org.gradle.internal.file.impl.DefaultDeleter.tryHardToDelete(DefaultDeleter.java:186)
		at org.gradle.internal.file.impl.DefaultDeleter.deleteRecursively(DefaultDeleter.java:143)
		at org.gradle.internal.file.impl.DefaultDeleter.deleteRecursively(DefaultDeleter.java:134)
		at org.gradle.internal.file.impl.DefaultDeleter.deleteRecursively(DefaultDeleter.java:115)
		at org.gradle.internal.file.impl.DefaultDeleter.ensureEmptyDirectory(DefaultDeleter.java:90)
		at org.gradle.internal.file.impl.DefaultDeleter.ensureEmptyDirectory(DefaultDeleter.java:82)
		at org.gradle.internal.execution.steps.RemovePreviousOutputsStep$2.visitOutputProperty(RemovePreviousOutputsStep.java:121)
		at org.gradle.api.internal.tasks.execution.TaskExecution.visitOutputs(TaskExecution.java:365)
		at org.gradle.internal.execution.steps.RemovePreviousOutputsStep.cleanupExclusivelyOwnedOutputs(RemovePreviousOutputsStep.java:110)
		at org.gradle.internal.execution.steps.RemovePreviousOutputsStep.executeMutable(RemovePreviousOutputsStep.java:63)
		at org.gradle.internal.execution.steps.RemovePreviousOutputsStep.executeMutable(RemovePreviousOutputsStep.java:39)
		at org.gradle.internal.execution.steps.MutableStep.execute(MutableStep.java:26)
		at org.gradle.internal.execution.steps.BroadcastChangingOutputsStep.execute(BroadcastChangingOutputsStep.java:42)
		at org.gradle.internal.execution.steps.BroadcastChangingOutputsStep.execute(BroadcastChangingOutputsStep.java:24)
		at org.gradle.internal.execution.steps.CaptureOutputsAfterExecutionStep.execute(CaptureOutputsAfterExecutionStep.java:69)
		at org.gradle.internal.execution.steps.CaptureOutputsAfterExecutionStep.execute(CaptureOutputsAfterExecutionStep.java:46)
		at org.gradle.internal.execution.steps.ResolveInputChangesStep.executeMutable(ResolveInputChangesStep.java:39)
		at org.gradle.internal.execution.steps.ResolveInputChangesStep.executeMutable(ResolveInputChangesStep.java:28)
		at org.gradle.internal.execution.steps.MutableStep.execute(MutableStep.java:26)
		at org.gradle.internal.execution.steps.BuildCacheStep.executeWithoutCache(BuildCacheStep.java:189)
		at org.gradle.internal.execution.steps.BuildCacheStep.lambda$execute$1(BuildCacheStep.java:76)
		at org.gradle.internal.Either$Right.fold(Either.java:176)
		at org.gradle.internal.execution.caching.CachingState.fold(CachingState.java:62)
		at org.gradle.internal.execution.steps.BuildCacheStep.execute(BuildCacheStep.java:74)
		at org.gradle.internal.execution.steps.BuildCacheStep.execute(BuildCacheStep.java:49)
		at org.gradle.internal.execution.steps.StoreExecutionStateStep.executeMutable(StoreExecutionStateStep.java:46)
		at org.gradle.internal.execution.steps.StoreExecutionStateStep.executeMutable(StoreExecutionStateStep.java:35)
		at org.gradle.internal.execution.steps.MutableStep.execute(MutableStep.java:26)
		at org.gradle.internal.execution.steps.SkipUpToDateStep.executeBecause(SkipUpToDateStep.java:75)
		at org.gradle.internal.execution.steps.SkipUpToDateStep.lambda$execute$2(SkipUpToDateStep.java:53)
		at java.base/java.util.Optional.orElseGet(Unknown Source)
		at org.gradle.internal.execution.steps.SkipUpToDateStep.execute(SkipUpToDateStep.java:53)
		at org.gradle.internal.execution.steps.SkipUpToDateStep.execute(SkipUpToDateStep.java:35)
		at org.gradle.internal.execution.steps.legacy.MarkSnapshottingInputsFinishedStep.execute(MarkSnapshottingInputsFinishedStep.java:37)
		at org.gradle.internal.execution.steps.legacy.MarkSnapshottingInputsFinishedStep.execute(MarkSnapshottingInputsFinishedStep.java:27)
		at org.gradle.internal.execution.steps.ResolveMutableCachingStateStep.executeDelegate(ResolveMutableCachingStateStep.java:70)
		at org.gradle.internal.execution.steps.ResolveMutableCachingStateStep.executeDelegate(ResolveMutableCachingStateStep.java:32)
		at org.gradle.internal.execution.steps.AbstractResolveCachingStateStep.execute(AbstractResolveCachingStateStep.java:69)
		at org.gradle.internal.execution.steps.AbstractResolveCachingStateStep.execute(AbstractResolveCachingStateStep.java:37)
		at org.gradle.internal.execution.steps.ResolveChangesStep.executeMutable(ResolveChangesStep.java:63)
		at org.gradle.internal.execution.steps.ResolveChangesStep.executeMutable(ResolveChangesStep.java:34)
		at org.gradle.internal.execution.steps.MutableStep.execute(MutableStep.java:26)
		at org.gradle.internal.execution.steps.ValidateStep$Mutable.executeDelegate(ValidateStep.java:79)
		at org.gradle.internal.execution.steps.ValidateStep$Mutable.executeDelegate(ValidateStep.java:65)
		at org.gradle.internal.execution.steps.ValidateStep.execute(ValidateStep.java:99)
		at org.gradle.internal.execution.steps.ValidateStep$Mutable.execute(ValidateStep.java:65)
		at org.gradle.internal.execution.steps.CaptureMutableStateBeforeExecutionStep.executeMutable(CaptureMutableStateBeforeExecutionStep.java:86)
		at org.gradle.internal.execution.steps.CaptureMutableStateBeforeExecutionStep.execute(CaptureMutableStateBeforeExecutionStep.java:65)
		at org.gradle.internal.execution.steps.CaptureMutableStateBeforeExecutionStep.execute(CaptureMutableStateBeforeExecutionStep.java:45)
		at org.gradle.internal.execution.steps.SkipEmptyMutableWorkStep.executeWithNonEmptySources(SkipEmptyMutableWorkStep.java:210)
		at org.gradle.internal.execution.steps.SkipEmptyMutableWorkStep.executeMutable(SkipEmptyMutableWorkStep.java:85)
		at org.gradle.internal.execution.steps.SkipEmptyMutableWorkStep.executeMutable(SkipEmptyMutableWorkStep.java:53)
		at org.gradle.internal.execution.steps.MutableStep.execute(MutableStep.java:26)
		at org.gradle.internal.execution.steps.legacy.MarkSnapshottingInputsStartedStep.execute(MarkSnapshottingInputsStartedStep.java:38)
		at org.gradle.internal.execution.steps.LoadPreviousExecutionStateStep.executeMutable(LoadPreviousExecutionStateStep.java:36)
		at org.gradle.internal.execution.steps.LoadPreviousExecutionStateStep.executeMutable(LoadPreviousExecutionStateStep.java:23)
		at org.gradle.internal.execution.steps.MutableStep.execute(MutableStep.java:26)
		at org.gradle.internal.execution.steps.HandleStaleOutputsStep.executeMutable(HandleStaleOutputsStep.java:77)
		at org.gradle.internal.execution.steps.HandleStaleOutputsStep.executeMutable(HandleStaleOutputsStep.java:43)
		at org.gradle.internal.execution.steps.MutableStep.execute(MutableStep.java:26)
		at org.gradle.internal.execution.steps.AssignMutableWorkspaceStep.lambda$executeMutable$0(AssignMutableWorkspaceStep.java:34)
		at org.gradle.api.internal.tasks.execution.TaskExecution$4.withWorkspace(TaskExecution.java:305)
		at org.gradle.internal.execution.steps.AssignMutableWorkspaceStep.executeMutable(AssignMutableWorkspaceStep.java:30)
		at org.gradle.internal.execution.steps.AssignMutableWorkspaceStep.executeMutable(AssignMutableWorkspaceStep.java:21)
		at org.gradle.internal.execution.steps.MutableStep.execute(MutableStep.java:26)
		at org.gradle.internal.execution.steps.ChoosePipelineStep.execute(ChoosePipelineStep.java:40)
		at org.gradle.internal.execution.steps.ChoosePipelineStep.execute(ChoosePipelineStep.java:23)
		at org.gradle.internal.execution.steps.ExecuteWorkBuildOperationFiringStep.lambda$execute$2(ExecuteWorkBuildOperationFiringStep.java:67)
		at java.base/java.util.Optional.orElseGet(Unknown Source)
		at org.gradle.internal.execution.steps.ExecuteWorkBuildOperationFiringStep.execute(ExecuteWorkBuildOperationFiringStep.java:67)
		at org.gradle.internal.execution.steps.ExecuteWorkBuildOperationFiringStep.execute(ExecuteWorkBuildOperationFiringStep.java:39)
		at org.gradle.internal.execution.steps.IdentityCacheStep.execute(IdentityCacheStep.java:46)
		at org.gradle.internal.execution.steps.IdentityCacheStep.execute(IdentityCacheStep.java:34)
		at org.gradle.internal.execution.steps.IdentifyStep.execute(IdentifyStep.java:56)
		at org.gradle.internal.execution.steps.IdentifyStep.execute(IdentifyStep.java:38)
		at org.gradle.internal.execution.impl.DefaultExecutionEngine$1.execute(DefaultExecutionEngine.java:68)
		at org.gradle.api.internal.tasks.execution.ExecuteActionsTaskExecuter.executeIfValid(ExecuteActionsTaskExecuter.java:132)
		at org.gradle.api.internal.tasks.execution.ExecuteActionsTaskExecuter.execute(ExecuteActionsTaskExecuter.java:121)
		at org.gradle.api.internal.tasks.execution.ProblemsTaskPathTrackingTaskExecuter.execute(ProblemsTaskPathTrackingTaskExecuter.java:41)
		at org.gradle.api.internal.tasks.execution.ResolveTaskExecutionModeExecuter.execute(ResolveTaskExecutionModeExecuter.java:51)
		at org.gradle.api.internal.tasks.execution.FinalizePropertiesTaskExecuter.execute(FinalizePropertiesTaskExecuter.java:46)
		at org.gradle.api.internal.tasks.execution.SkipTaskWithNoActionsExecuter.execute(SkipTaskWithNoActionsExecuter.java:57)
		at org.gradle.api.internal.tasks.execution.SkipOnlyIfTaskExecuter.execute(SkipOnlyIfTaskExecuter.java:74)
		at org.gradle.api.internal.tasks.execution.CatchExceptionTaskExecuter.execute(CatchExceptionTaskExecuter.java:36)
		at org.gradle.api.internal.tasks.execution.EventFiringTaskExecuter$1.executeTask(EventFiringTaskExecuter.java:77)
		at org.gradle.api.internal.tasks.execution.EventFiringTaskExecuter$1.call(EventFiringTaskExecuter.java:55)
		at org.gradle.api.internal.tasks.execution.EventFiringTaskExecuter$1.call(EventFiringTaskExecuter.java:52)
		at org.gradle.internal.operations.DefaultBuildOperationRunner$CallableBuildOperationWorker.execute(DefaultBuildOperationRunner.java:210)
		at org.gradle.internal.operations.DefaultBuildOperationRunner$CallableBuildOperationWorker.execute(DefaultBuildOperationRunner.java:205)
		at org.gradle.internal.operations.DefaultBuildOperationRunner$2.execute(DefaultBuildOperationRunner.java:67)
		at org.gradle.internal.operations.DefaultBuildOperationRunner$2.execute(DefaultBuildOperationRunner.java:60)
		at org.gradle.internal.operations.DefaultBuildOperationRunner.execute(DefaultBuildOperationRunner.java:167)
		at org.gradle.internal.operations.DefaultBuildOperationRunner.execute(DefaultBuildOperationRunner.java:60)
		at org.gradle.internal.operations.DefaultBuildOperationRunner.call(DefaultBuildOperationRunner.java:54)
		at org.gradle.api.internal.tasks.execution.EventFiringTaskExecuter.execute(EventFiringTaskExecuter.java:52)
		at org.gradle.execution.plan.DefaultNodeExecutor.executeLocalTaskNode(DefaultNodeExecutor.java:55)
		at org.gradle.execution.plan.DefaultNodeExecutor.execute(DefaultNodeExecutor.java:34)
		at org.gradle.execution.taskgraph.DefaultTaskExecutionGraph$InvokeNodeExecutorsAction.execute(DefaultTaskExecutionGraph.java:355)
		at org.gradle.execution.taskgraph.DefaultTaskExecutionGraph$InvokeNodeExecutorsAction.execute(DefaultTaskExecutionGraph.java:343)
		at org.gradle.execution.taskgraph.DefaultTaskExecutionGraph$BuildOperationAwareExecutionAction.lambda$execute$0(DefaultTaskExecutionGraph.java:339)
		at org.gradle.internal.operations.CurrentBuildOperationRef.with(CurrentBuildOperationRef.java:84)
		at org.gradle.execution.taskgraph.DefaultTaskExecutionGraph$BuildOperationAwareExecutionAction.execute(DefaultTaskExecutionGraph.java:339)
		at org.gradle.execution.taskgraph.DefaultTaskExecutionGraph$BuildOperationAwareExecutionAction.execute(DefaultTaskExecutionGraph.java:328)
		at org.gradle.execution.plan.DefaultPlanExecutor$ExecutorWorker.execute(DefaultPlanExecutor.java:459)
		at org.gradle.execution.plan.DefaultPlanExecutor$ExecutorWorker.run(DefaultPlanExecutor.java:376)
		at org.gradle.internal.concurrent.ExecutorPolicy$CatchAndRecordFailures.onExecute(ExecutorPolicy.java:64)
		at org.gradle.internal.concurrent.AbstractManagedExecutor$1.run(AbstractManagedExecutor.java:47)
		at java.base/java.util.concurrent.ThreadPoolExecutor.runWorker(Unknown Source)
		at java.base/java.util.concurrent.ThreadPoolExecutor$Worker.run(Unknown Source)
		at java.base/java.lang.Thread.run(Unknown Source)
	Suppressed: java.nio.file.AccessDeniedException: C:\Users\bhauk\Documents\projects\PeriodSaathi\app\build\intermediates\packaged_res\debug\packageDebugResources\mipmap-hdpi-v4
		at java.base/sun.nio.fs.WindowsException.translateToIOException(Unknown Source)
		at java.base/sun.nio.fs.WindowsException.rethrowAsIOException(Unknown Source)
		at java.base/sun.nio.fs.WindowsException.rethrowAsIOException(Unknown Source)
		at java.base/sun.nio.fs.WindowsFileSystemProvider.implDelete(Unknown Source)
		at java.base/sun.nio.fs.AbstractFileSystemProvider.deleteIfExists(Unknown Source)
		at java.base/java.nio.file.Files.deleteIfExists(Unknown Source)
		at org.gradle.internal.file.impl.DefaultDeleter.deleteFile(DefaultDeleter.java:198)
		at org.gradle.internal.file.impl.DefaultDeleter.tryHardToDelete(DefaultDeleter.java:186)
		at org.gradle.internal.file.impl.DefaultDeleter.deleteRecursively(DefaultDeleter.java:143)
		at org.gradle.internal.file.impl.DefaultDeleter.deleteRecursively(DefaultDeleter.java:134)
		at org.gradle.internal.file.impl.DefaultDeleter.deleteRecursively(DefaultDeleter.java:115)
		at org.gradle.internal.file.impl.DefaultDeleter.ensureEmptyDirectory(DefaultDeleter.java:90)
		at org.gradle.internal.file.impl.DefaultDeleter.ensureEmptyDirectory(DefaultDeleter.java:82)
		at org.gradle.internal.execution.steps.RemovePreviousOutputsStep$2.visitOutputProperty(RemovePreviousOutputsStep.java:121)
		at org.gradle.api.internal.tasks.execution.TaskExecution.visitOutputs(TaskExecution.java:365)
		at org.gradle.internal.execution.steps.RemovePreviousOutputsStep.cleanupExclusivelyOwnedOutputs(RemovePreviousOutputsStep.java:110)
		at org.gradle.internal.execution.steps.RemovePreviousOutputsStep.executeMutable(RemovePreviousOutputsStep.java:63)
		at org.gradle.internal.execution.steps.RemovePreviousOutputsStep.executeMutable(RemovePreviousOutputsStep.java:39)
		at org.gradle.internal.execution.steps.MutableStep.execute(MutableStep.java:26)
		at org.gradle.internal.execution.steps.BroadcastChangingOutputsStep.execute(BroadcastChangingOutputsStep.java:42)
		at org.gradle.internal.execution.steps.BroadcastChangingOutputsStep.execute(BroadcastChangingOutputsStep.java:24)
		at org.gradle.internal.execution.steps.CaptureOutputsAfterExecutionStep.execute(CaptureOutputsAfterExecutionStep.java:69)
		at org.gradle.internal.execution.steps.CaptureOutputsAfterExecutionStep.execute(CaptureOutputsAfterExecutionStep.java:46)
		at org.gradle.internal.execution.steps.ResolveInputChangesStep.executeMutable(ResolveInputChangesStep.java:39)
		at org.gradle.internal.execution.steps.ResolveInputChangesStep.executeMutable(ResolveInputChangesStep.java:28)
		at org.gradle.internal.execution.steps.MutableStep.execute(MutableStep.java:26)
		at org.gradle.internal.execution.steps.BuildCacheStep.executeWithoutCache(BuildCacheStep.java:189)
		at org.gradle.internal.execution.steps.BuildCacheStep.lambda$execute$1(BuildCacheStep.java:76)
		at org.gradle.internal.Either$Right.fold(Either.java:176)
		at org.gradle.internal.execution.caching.CachingState.fold(CachingState.java:62)
		at org.gradle.internal.execution.steps.BuildCacheStep.execute(BuildCacheStep.java:74)
		at org.gradle.internal.execution.steps.BuildCacheStep.execute(BuildCacheStep.java:49)
		at org.gradle.internal.execution.steps.StoreExecutionStateStep.executeMutable(StoreExecutionStateStep.java:46)
		at org.gradle.internal.execution.steps.StoreExecutionStateStep.executeMutable(StoreExecutionStateStep.java:35)
		at org.gradle.internal.execution.steps.MutableStep.execute(MutableStep.java:26)
		at org.gradle.internal.execution.steps.SkipUpToDateStep.executeBecause(SkipUpToDateStep.java:75)
		at org.gradle.internal.execution.steps.SkipUpToDateStep.lambda$execute$2(SkipUpToDateStep.java:53)
		at java.base/java.util.Optional.orElseGet(Unknown Source)
		at org.gradle.internal.execution.steps.SkipUpToDateStep.execute(SkipUpToDateStep.java:53)
		at org.gradle.internal.execution.steps.SkipUpToDateStep.execute(SkipUpToDateStep.java:35)
		at org.gradle.internal.execution.steps.legacy.MarkSnapshottingInputsFinishedStep.execute(MarkSnapshottingInputsFinishedStep.java:37)
		at org.gradle.internal.execution.steps.legacy.MarkSnapshottingInputsFinishedStep.execute(MarkSnapshottingInputsFinishedStep.java:27)
		at org.gradle.internal.execution.steps.ResolveMutableCachingStateStep.executeDelegate(ResolveMutableCachingStateStep.java:70)
		at org.gradle.internal.execution.steps.ResolveMutableCachingStateStep.executeDelegate(ResolveMutableCachingStateStep.java:32)
		at org.gradle.internal.execution.steps.AbstractResolveCachingStateStep.execute(AbstractResolveCachingStateStep.java:69)
		at org.gradle.internal.execution.steps.AbstractResolveCachingStateStep.execute(AbstractResolveCachingStateStep.java:37)
		at org.gradle.internal.execution.steps.ResolveChangesStep.executeMutable(ResolveChangesStep.java:63)
		at org.gradle.internal.execution.steps.ResolveChangesStep.executeMutable(ResolveChangesStep.java:34)
		at org.gradle.internal.execution.steps.MutableStep.execute(MutableStep.java:26)
		at org.gradle.internal.execution.steps.ValidateStep$Mutable.executeDelegate(ValidateStep.java:79)
		at org.gradle.internal.execution.steps.ValidateStep$Mutable.executeDelegate(ValidateStep.java:65)
		at org.gradle.internal.execution.steps.ValidateStep.execute(ValidateStep.java:99)
		at org.gradle.internal.execution.steps.ValidateStep$Mutable.execute(ValidateStep.java:65)
		at org.gradle.internal.execution.steps.CaptureMutableStateBeforeExecutionStep.executeMutable(CaptureMutableStateBeforeExecutionStep.java:86)
		at org.gradle.internal.execution.steps.CaptureMutableStateBeforeExecutionStep.execute(CaptureMutableStateBeforeExecutionStep.java:65)
		at org.gradle.internal.execution.steps.CaptureMutableStateBeforeExecutionStep.execute(CaptureMutableStateBeforeExecutionStep.java:45)
		at org.gradle.internal.execution.steps.SkipEmptyMutableWorkStep.executeWithNonEmptySources(SkipEmptyMutableWorkStep.java:210)
		at org.gradle.internal.execution.steps.SkipEmptyMutableWorkStep.executeMutable(SkipEmptyMutableWorkStep.java:85)
		at org.gradle.internal.execution.steps.SkipEmptyMutableWorkStep.executeMutable(SkipEmptyMutableWorkStep.java:53)
		at org.gradle.internal.execution.steps.MutableStep.execute(MutableStep.java:26)
		at org.gradle.internal.execution.steps.legacy.MarkSnapshottingInputsStartedStep.execute(MarkSnapshottingInputsStartedStep.java:38)
		at org.gradle.internal.execution.steps.LoadPreviousExecutionStateStep.executeMutable(LoadPreviousExecutionStateStep.java:36)
		at org.gradle.internal.execution.steps.LoadPreviousExecutionStateStep.executeMutable(LoadPreviousExecutionStateStep.java:23)
		at org.gradle.internal.execution.steps.MutableStep.execute(MutableStep.java:26)
		at org.gradle.internal.execution.steps.HandleStaleOutputsStep.executeMutable(HandleStaleOutputsStep.java:77)
		at org.gradle.internal.execution.steps.HandleStaleOutputsStep.executeMutable(HandleStaleOutputsStep.java:43)
		at org.gradle.internal.execution.steps.MutableStep.execute(MutableStep.java:26)
		at org.gradle.internal.execution.steps.AssignMutableWorkspaceStep.lambda$executeMutable$0(AssignMutableWorkspaceStep.java:34)
		at org.gradle.api.internal.tasks.execution.TaskExecution$4.withWorkspace(TaskExecution.java:305)
		at org.gradle.internal.execution.steps.AssignMutableWorkspaceStep.executeMutable(AssignMutableWorkspaceStep.java:30)
		at org.gradle.internal.execution.steps.AssignMutableWorkspaceStep.executeMutable(AssignMutableWorkspaceStep.java:21)
		at org.gradle.internal.execution.steps.MutableStep.execute(MutableStep.java:26)
		at org.gradle.internal.execution.steps.ChoosePipelineStep.execute(ChoosePipelineStep.java:40)
		at org.gradle.internal.execution.steps.ChoosePipelineStep.execute(ChoosePipelineStep.java:23)
		at org.gradle.internal.execution.steps.ExecuteWorkBuildOperationFiringStep.lambda$execute$2(ExecuteWorkBuildOperationFiringStep.java:67)
		at java.base/java.util.Optional.orElseGet(Unknown Source)
		at org.gradle.internal.execution.steps.ExecuteWorkBuildOperationFiringStep.execute(ExecuteWorkBuildOperationFiringStep.java:67)
		at org.gradle.internal.execution.steps.ExecuteWorkBuildOperationFiringStep.execute(ExecuteWorkBuildOperationFiringStep.java:39)
		at org.gradle.internal.execution.steps.IdentityCacheStep.execute(IdentityCacheStep.java:46)
		at org.gradle.internal.execution.steps.IdentityCacheStep.execute(IdentityCacheStep.java:34)
		at org.gradle.internal.execution.steps.IdentifyStep.execute(IdentifyStep.java:56)
		at org.gradle.internal.execution.steps.IdentifyStep.execute(IdentifyStep.java:38)
		at org.gradle.internal.execution.impl.DefaultExecutionEngine$1.execute(DefaultExecutionEngine.java:68)
		at org.gradle.api.internal.tasks.execution.ExecuteActionsTaskExecuter.executeIfValid(ExecuteActionsTaskExecuter.java:132)
		at org.gradle.api.internal.tasks.execution.ExecuteActionsTaskExecuter.execute(ExecuteActionsTaskExecuter.java:121)
		at org.gradle.api.internal.tasks.execution.ProblemsTaskPathTrackingTaskExecuter.execute(ProblemsTaskPathTrackingTaskExecuter.java:41)
		at org.gradle.api.internal.tasks.execution.ResolveTaskExecutionModeExecuter.execute(ResolveTaskExecutionModeExecuter.java:51)
		at org.gradle.api.internal.tasks.execution.FinalizePropertiesTaskExecuter.execute(FinalizePropertiesTaskExecuter.java:46)
		at org.gradle.api.internal.tasks.execution.SkipTaskWithNoActionsExecuter.execute(SkipTaskWithNoActionsExecuter.java:57)
		at org.gradle.api.internal.tasks.execution.SkipOnlyIfTaskExecuter.execute(SkipOnlyIfTaskExecuter.java:74)
		at org.gradle.api.internal.tasks.execution.CatchExceptionTaskExecuter.execute(CatchExceptionTaskExecuter.java:36)
		at org.gradle.api.internal.tasks.execution.EventFiringTaskExecuter$1.executeTask(EventFiringTaskExecuter.java:77)
		at org.gradle.api.internal.tasks.execution.EventFiringTaskExecuter$1.call(EventFiringTaskExecuter.java:55)
		at org.gradle.api.internal.tasks.execution.EventFiringTaskExecuter$1.call(EventFiringTaskExecuter.java:52)
		at org.gradle.internal.operations.DefaultBuildOperationRunner$CallableBuildOperationWorker.execute(DefaultBuildOperationRunner.java:210)
		at org.gradle.internal.operations.DefaultBuildOperationRunner$CallableBuildOperationWorker.execute(DefaultBuildOperationRunner.java:205)
		at org.gradle.internal.operations.DefaultBuildOperationRunner$2.execute(DefaultBuildOperationRunner.java:67)
		at org.gradle.internal.operations.DefaultBuildOperationRunner$2.execute(DefaultBuildOperationRunner.java:60)
		at org.gradle.internal.operations.DefaultBuildOperationRunner.execute(DefaultBuildOperationRunner.java:167)
		at org.gradle.internal.operations.DefaultBuildOperationRunner.execute(DefaultBuildOperationRunner.java:60)
		at org.gradle.internal.operations.DefaultBuildOperationRunner.call(DefaultBuildOperationRunner.java:54)
		at org.gradle.api.internal.tasks.execution.EventFiringTaskExecuter.execute(EventFiringTaskExecuter.java:52)
		at org.gradle.execution.plan.DefaultNodeExecutor.executeLocalTaskNode(DefaultNodeExecutor.java:55)
		at org.gradle.execution.plan.DefaultNodeExecutor.execute(DefaultNodeExecutor.java:34)
		at org.gradle.execution.taskgraph.DefaultTaskExecutionGraph$InvokeNodeExecutorsAction.execute(DefaultTaskExecutionGraph.java:355)
		at org.gradle.execution.taskgraph.DefaultTaskExecutionGraph$InvokeNodeExecutorsAction.execute(DefaultTaskExecutionGraph.java:343)
		at org.gradle.execution.taskgraph.DefaultTaskExecutionGraph$BuildOperationAwareExecutionAction.lambda$execute$0(DefaultTaskExecutionGraph.java:339)
		at org.gradle.internal.operations.CurrentBuildOperationRef.with(CurrentBuildOperationRef.java:84)
		at org.gradle.execution.taskgraph.DefaultTaskExecutionGraph$BuildOperationAwareExecutionAction.execute(DefaultTaskExecutionGraph.java:339)
		at org.gradle.execution.taskgraph.DefaultTaskExecutionGraph$BuildOperationAwareExecutionAction.execute(DefaultTaskExecutionGraph.java:328)
		at org.gradle.execution.plan.DefaultPlanExecutor$ExecutorWorker.execute(DefaultPlanExecutor.java:459)
		at org.gradle.execution.plan.DefaultPlanExecutor$ExecutorWorker.run(DefaultPlanExecutor.java:376)
		at org.gradle.internal.concurrent.ExecutorPolicy$CatchAndRecordFailures.onExecute(ExecutorPolicy.java:64)
		at org.gradle.internal.concurrent.AbstractManagedExecutor$1.run(AbstractManagedExecutor.java:47)
		at java.base/java.util.concurrent.ThreadPoolExecutor.runWorker(Unknown Source)
		at java.base/java.util.concurrent.ThreadPoolExecutor$Worker.run(Unknown Source)
		at java.base/java.lang.Thread.run(Unknown Source)
	Suppressed: java.nio.file.AccessDeniedException: C:\Users\bhauk\Documents\projects\PeriodSaathi\app\build\intermediates\packaged_res\debug\packageDebugResources\mipmap-mdpi-v4
		at java.base/sun.nio.fs.WindowsException.translateToIOException(Unknown Source)
		at java.base/sun.nio.fs.WindowsException.rethrowAsIOException(Unknown Source)
		at java.base/sun.nio.fs.WindowsException.rethrowAsIOException(Unknown Source)
		at java.base/sun.nio.fs.WindowsFileSystemProvider.implDelete(Unknown Source)
		at java.base/sun.nio.fs.AbstractFileSystemProvider.deleteIfExists(Unknown Source)
		at java.base/java.nio.file.Files.deleteIfExists(Unknown Source)
		at org.gradle.internal.file.impl.DefaultDeleter.deleteFile(DefaultDeleter.java:198)
		at org.gradle.internal.file.impl.DefaultDeleter.tryHardToDelete(DefaultDeleter.java:186)
		at org.gradle.internal.file.impl.DefaultDeleter.deleteRecursively(DefaultDeleter.java:143)
		at org.gradle.internal.file.impl.DefaultDeleter.deleteRecursively(DefaultDeleter.java:134)
		at org.gradle.internal.file.impl.DefaultDeleter.deleteRecursively(DefaultDeleter.java:115)
		at org.gradle.internal.file.impl.DefaultDeleter.ensureEmptyDirectory(DefaultDeleter.java:90)
		at org.gradle.internal.file.impl.DefaultDeleter.ensureEmptyDirectory(DefaultDeleter.java:82)
		at org.gradle.internal.execution.steps.RemovePreviousOutputsStep$2.visitOutputProperty(RemovePreviousOutputsStep.java:121)
		at org.gradle.api.internal.tasks.execution.TaskExecution.visitOutputs(TaskExecution.java:365)
		at org.gradle.internal.execution.steps.RemovePreviousOutputsStep.cleanupExclusivelyOwnedOutputs(RemovePreviousOutputsStep.java:110)
		at org.gradle.internal.execution.steps.RemovePreviousOutputsStep.executeMutable(RemovePreviousOutputsStep.java:63)
		at org.gradle.internal.execution.steps.RemovePreviousOutputsStep.executeMutable(RemovePreviousOutputsStep.java:39)
		at org.gradle.internal.execution.steps.MutableStep.execute(MutableStep.java:26)
		at org.gradle.internal.execution.steps.BroadcastChangingOutputsStep.execute(BroadcastChangingOutputsStep.java:42)
		at org.gradle.internal.execution.steps.BroadcastChangingOutputsStep.execute(BroadcastChangingOutputsStep.java:24)
		at org.gradle.internal.execution.steps.CaptureOutputsAfterExecutionStep.execute(CaptureOutputsAfterExecutionStep.java:69)
		at org.gradle.internal.execution.steps.CaptureOutputsAfterExecutionStep.execute(CaptureOutputsAfterExecutionStep.java:46)
		at org.gradle.internal.execution.steps.ResolveInputChangesStep.executeMutable(ResolveInputChangesStep.java:39)
		at org.gradle.internal.execution.steps.ResolveInputChangesStep.executeMutable(ResolveInputChangesStep.java:28)
		at org.gradle.internal.execution.steps.MutableStep.execute(MutableStep.java:26)
		at org.gradle.internal.execution.steps.BuildCacheStep.executeWithoutCache(BuildCacheStep.java:189)
		at org.gradle.internal.execution.steps.BuildCacheStep.lambda$execute$1(BuildCacheStep.java:76)
		at org.gradle.internal.Either$Right.fold(Either.java:176)
		at org.gradle.internal.execution.caching.CachingState.fold(CachingState.java:62)
		at org.gradle.internal.execution.steps.BuildCacheStep.execute(BuildCacheStep.java:74)
		at org.gradle.internal.execution.steps.BuildCacheStep.execute(BuildCacheStep.java:49)
		at org.gradle.internal.execution.steps.StoreExecutionStateStep.executeMutable(StoreExecutionStateStep.java:46)
		at org.gradle.internal.execution.steps.StoreExecutionStateStep.executeMutable(StoreExecutionStateStep.java:35)
		at org.gradle.internal.execution.steps.MutableStep.execute(MutableStep.java:26)
		at org.gradle.internal.execution.steps.SkipUpToDateStep.executeBecause(SkipUpToDateStep.java:75)
		at org.gradle.internal.execution.steps.SkipUpToDateStep.lambda$execute$2(SkipUpToDateStep.java:53)
		at java.base/java.util.Optional.orElseGet(Unknown Source)
		at org.gradle.internal.execution.steps.SkipUpToDateStep.execute(SkipUpToDateStep.java:53)
		at org.gradle.internal.execution.steps.SkipUpToDateStep.execute(SkipUpToDateStep.java:35)
		at org.gradle.internal.execution.steps.legacy.MarkSnapshottingInputsFinishedStep.execute(MarkSnapshottingInputsFinishedStep.java:37)
		at org.gradle.internal.execution.steps.legacy.MarkSnapshottingInputsFinishedStep.execute(MarkSnapshottingInputsFinishedStep.java:27)
		at org.gradle.internal.execution.steps.ResolveMutableCachingStateStep.executeDelegate(ResolveMutableCachingStateStep.java:70)
		at org.gradle.internal.execution.steps.ResolveMutableCachingStateStep.executeDelegate(ResolveMutableCachingStateStep.java:32)
		at org.gradle.internal.execution.steps.AbstractResolveCachingStateStep.execute(AbstractResolveCachingStateStep.java:69)
		at org.gradle.internal.execution.steps.AbstractResolveCachingStateStep.execute(AbstractResolveCachingStateStep.java:37)
		at org.gradle.internal.execution.steps.ResolveChangesStep.executeMutable(ResolveChangesStep.java:63)
		at org.gradle.internal.execution.steps.ResolveChangesStep.executeMutable(ResolveChangesStep.java:34)
		at org.gradle.internal.execution.steps.MutableStep.execute(MutableStep.java:26)
		at org.gradle.internal.execution.steps.ValidateStep$Mutable.executeDelegate(ValidateStep.java:79)
		at org.gradle.internal.execution.steps.ValidateStep$Mutable.executeDelegate(ValidateStep.java:65)
		at org.gradle.internal.execution.steps.ValidateStep.execute(ValidateStep.java:99)
		at org.gradle.internal.execution.steps.ValidateStep$Mutable.execute(ValidateStep.java:65)
		at org.gradle.internal.execution.steps.CaptureMutableStateBeforeExecutionStep.executeMutable(CaptureMutableStateBeforeExecutionStep.java:86)
		at org.gradle.internal.execution.steps.CaptureMutableStateBeforeExecutionStep.execute(CaptureMutableStateBeforeExecutionStep.java:65)
		at org.gradle.internal.execution.steps.CaptureMutableStateBeforeExecutionStep.execute(CaptureMutableStateBeforeExecutionStep.java:45)
		at org.gradle.internal.execution.steps.SkipEmptyMutableWorkStep.executeWithNonEmptySources(SkipEmptyMutableWorkStep.java:210)
		at org.gradle.internal.execution.steps.SkipEmptyMutableWorkStep.executeMutable(SkipEmptyMutableWorkStep.java:85)
		at org.gradle.internal.execution.steps.SkipEmptyMutableWorkStep.executeMutable(SkipEmptyMutableWorkStep.java:53)
		at org.gradle.internal.execution.steps.MutableStep.execute(MutableStep.java:26)
		at org.gradle.internal.execution.steps.legacy.MarkSnapshottingInputsStartedStep.execute(MarkSnapshottingInputsStartedStep.java:38)
		at org.gradle.internal.execution.steps.LoadPreviousExecutionStateStep.executeMutable(LoadPreviousExecutionStateStep.java:36)
		at org.gradle.internal.execution.steps.LoadPreviousExecutionStateStep.executeMutable(LoadPreviousExecutionStateStep.java:23)
		at org.gradle.internal.execution.steps.MutableStep.execute(MutableStep.java:26)
		at org.gradle.internal.execution.steps.HandleStaleOutputsStep.executeMutable(HandleStaleOutputsStep.java:77)
		at org.gradle.internal.execution.steps.HandleStaleOutputsStep.executeMutable(HandleStaleOutputsStep.java:43)
		at org.gradle.internal.execution.steps.MutableStep.execute(MutableStep.java:26)
		at org.gradle.internal.execution.steps.AssignMutableWorkspaceStep.lambda$executeMutable$0(AssignMutableWorkspaceStep.java:34)
		at org.gradle.api.internal.tasks.execution.TaskExecution$4.withWorkspace(TaskExecution.java:305)
		at org.gradle.internal.execution.steps.AssignMutableWorkspaceStep.executeMutable(AssignMutableWorkspaceStep.java:30)
		at org.gradle.internal.execution.steps.AssignMutableWorkspaceStep.executeMutable(AssignMutableWorkspaceStep.java:21)
		at org.gradle.internal.execution.steps.MutableStep.execute(MutableStep.java:26)
		at org.gradle.internal.execution.steps.ChoosePipelineStep.execute(ChoosePipelineStep.java:40)
		at org.gradle.internal.execution.steps.ChoosePipelineStep.execute(ChoosePipelineStep.java:23)
		at org.gradle.internal.execution.steps.ExecuteWorkBuildOperationFiringStep.lambda$execute$2(ExecuteWorkBuildOperationFiringStep.java:67)
		at java.base/java.util.Optional.orElseGet(Unknown Source)
		at org.gradle.internal.execution.steps.ExecuteWorkBuildOperationFiringStep.execute(ExecuteWorkBuildOperationFiringStep.java:67)
		at org.gradle.internal.execution.steps.ExecuteWorkBuildOperationFiringStep.execute(ExecuteWorkBuildOperationFiringStep.java:39)
		at org.gradle.internal.execution.steps.IdentityCacheStep.execute(IdentityCacheStep.java:46)
		at org.gradle.internal.execution.steps.IdentityCacheStep.execute(IdentityCacheStep.java:34)
		at org.gradle.internal.execution.steps.IdentifyStep.execute(IdentifyStep.java:56)
		at org.gradle.internal.execution.steps.IdentifyStep.execute(IdentifyStep.java:38)
		at org.gradle.internal.execution.impl.DefaultExecutionEngine$1.execute(DefaultExecutionEngine.java:68)
		at org.gradle.api.internal.tasks.execution.ExecuteActionsTaskExecuter.executeIfValid(ExecuteActionsTaskExecuter.java:132)
		at org.gradle.api.internal.tasks.execution.ExecuteActionsTaskExecuter.execute(ExecuteActionsTaskExecuter.java:121)
		at org.gradle.api.internal.tasks.execution.ProblemsTaskPathTrackingTaskExecuter.execute(ProblemsTaskPathTrackingTaskExecuter.java:41)
		at org.gradle.api.internal.tasks.execution.ResolveTaskExecutionModeExecuter.execute(ResolveTaskExecutionModeExecuter.java:51)
		at org.gradle.api.internal.tasks.execution.FinalizePropertiesTaskExecuter.execute(FinalizePropertiesTaskExecuter.java:46)
		at org.gradle.api.internal.tasks.execution.SkipTaskWithNoActionsExecuter.execute(SkipTaskWithNoActionsExecuter.java:57)
		at org.gradle.api.internal.tasks.execution.SkipOnlyIfTaskExecuter.execute(SkipOnlyIfTaskExecuter.java:74)
		at org.gradle.api.internal.tasks.execution.CatchExceptionTaskExecuter.execute(CatchExceptionTaskExecuter.java:36)
		at org.gradle.api.internal.tasks.execution.EventFiringTaskExecuter$1.executeTask(EventFiringTaskExecuter.java:77)
		at org.gradle.api.internal.tasks.execution.EventFiringTaskExecuter$1.call(EventFiringTaskExecuter.java:55)
		at org.gradle.api.internal.tasks.execution.EventFiringTaskExecuter$1.call(EventFiringTaskExecuter.java:52)
		at org.gradle.internal.operations.DefaultBuildOperationRunner$CallableBuildOperationWorker.execute(DefaultBuildOperationRunner.java:210)
		at org.gradle.internal.operations.DefaultBuildOperationRunner$CallableBuildOperationWorker.execute(DefaultBuildOperationRunner.java:205)
		at org.gradle.internal.operations.DefaultBuildOperationRunner$2.execute(DefaultBuildOperationRunner.java:67)
		at org.gradle.internal.operations.DefaultBuildOperationRunner$2.execute(DefaultBuildOperationRunner.java:60)
		at org.gradle.internal.operations.DefaultBuildOperationRunner.execute(DefaultBuildOperationRunner.java:167)
		at org.gradle.internal.operations.DefaultBuildOperationRunner.execute(DefaultBuildOperationRunner.java:60)
		at org.gradle.internal.operations.DefaultBuildOperationRunner.call(DefaultBuildOperationRunner.java:54)
		at org.gradle.api.internal.tasks.execution.EventFiringTaskExecuter.execute(EventFiringTaskExecuter.java:52)
		at org.gradle.execution.plan.DefaultNodeExecutor.executeLocalTaskNode(DefaultNodeExecutor.java:55)
		at org.gradle.execution.plan.DefaultNodeExecutor.execute(DefaultNodeExecutor.java:34)
		at org.gradle.execution.taskgraph.DefaultTaskExecutionGraph$InvokeNodeExecutorsAction.execute(DefaultTaskExecutionGraph.java:355)
		at org.gradle.execution.taskgraph.DefaultTaskExecutionGraph$InvokeNodeExecutorsAction.execute(DefaultTaskExecutionGraph.java:343)
		at org.gradle.execution.taskgraph.DefaultTaskExecutionGraph$BuildOperationAwareExecutionAction.lambda$execute$0(DefaultTaskExecutionGraph.java:339)
		at org.gradle.internal.operations.CurrentBuildOperationRef.with(CurrentBuildOperationRef.java:84)
		at org.gradle.execution.taskgraph.DefaultTaskExecutionGraph$BuildOperationAwareExecutionAction.execute(DefaultTaskExecutionGraph.java:339)
		at org.gradle.execution.taskgraph.DefaultTaskExecutionGraph$BuildOperationAwareExecutionAction.execute(DefaultTaskExecutionGraph.java:328)
		at org.gradle.execution.plan.DefaultPlanExecutor$ExecutorWorker.execute(DefaultPlanExecutor.java:459)
		at org.gradle.execution.plan.DefaultPlanExecutor$ExecutorWorker.run(DefaultPlanExecutor.java:376)
		at org.gradle.internal.concurrent.ExecutorPolicy$CatchAndRecordFailures.onExecute(ExecutorPolicy.java:64)
		at org.gradle.internal.concurrent.AbstractManagedExecutor$1.run(AbstractManagedExecutor.java:47)
		at java.base/java.util.concurrent.ThreadPoolExecutor.runWorker(Unknown Source)
		at java.base/java.util.concurrent.ThreadPoolExecutor$Worker.run(Unknown Source)
		at java.base/java.lang.Thread.run(Unknown Source)
	Suppressed: java.nio.file.AccessDeniedException: C:\Users\bhauk\Documents\projects\PeriodSaathi\app\build\intermediates\packaged_res\debug\packageDebugResources\mipmap-xhdpi-v4
		at java.base/sun.nio.fs.WindowsException.translateToIOException(Unknown Source)
		at java.base/sun.nio.fs.WindowsException.rethrowAsIOException(Unknown Source)
		at java.base/sun.nio.fs.WindowsException.rethrowAsIOException(Unknown Source)
		at java.base/sun.nio.fs.WindowsFileSystemProvider.implDelete(Unknown Source)
		at java.base/sun.nio.fs.AbstractFileSystemProvider.deleteIfExists(Unknown Source)
		at java.base/java.nio.file.Files.deleteIfExists(Unknown Source)
		at org.gradle.internal.file.impl.DefaultDeleter.deleteFile(DefaultDeleter.java:198)
		at org.gradle.internal.file.impl.DefaultDeleter.tryHardToDelete(DefaultDeleter.java:186)
		at org.gradle.internal.file.impl.DefaultDeleter.deleteRecursively(DefaultDeleter.java:143)
		at org.gradle.internal.file.impl.DefaultDeleter.deleteRecursively(DefaultDeleter.java:134)
		at org.gradle.internal.file.impl.DefaultDeleter.deleteRecursively(DefaultDeleter.java:115)
		at org.gradle.internal.file.impl.DefaultDeleter.ensureEmptyDirectory(DefaultDeleter.java:90)
		at org.gradle.internal.file.impl.DefaultDeleter.ensureEmptyDirectory(DefaultDeleter.java:82)
		at org.gradle.internal.execution.steps.RemovePreviousOutputsStep$2.visitOutputProperty(RemovePreviousOutputsStep.java:121)
		at org.gradle.api.internal.tasks.execution.TaskExecution.visitOutputs(TaskExecution.java:365)
		at org.gradle.internal.execution.steps.RemovePreviousOutputsStep.cleanupExclusivelyOwnedOutputs(RemovePreviousOutputsStep.java:110)
		at org.gradle.internal.execution.steps.RemovePreviousOutputsStep.executeMutable(RemovePreviousOutputsStep.java:63)
		at org.gradle.internal.execution.steps.RemovePreviousOutputsStep.executeMutable(RemovePreviousOutputsStep.java:39)
		at org.gradle.internal.execution.steps.MutableStep.execute(MutableStep.java:26)
		at org.gradle.internal.execution.steps.BroadcastChangingOutputsStep.execute(BroadcastChangingOutputsStep.java:42)
		at org.gradle.internal.execution.steps.BroadcastChangingOutputsStep.execute(BroadcastChangingOutputsStep.java:24)
		at org.gradle.internal.execution.steps.CaptureOutputsAfterExecutionStep.execute(CaptureOutputsAfterExecutionStep.java:69)
		at org.gradle.internal.execution.steps.CaptureOutputsAfterExecutionStep.execute(CaptureOutputsAfterExecutionStep.java:46)
		at org.gradle.internal.execution.steps.ResolveInputChangesStep.executeMutable(ResolveInputChangesStep.java:39)
		at org.gradle.internal.execution.steps.ResolveInputChangesStep.executeMutable(ResolveInputChangesStep.java:28)
		at org.gradle.internal.execution.steps.MutableStep.execute(MutableStep.java:26)
		at org.gradle.internal.execution.steps.BuildCacheStep.executeWithoutCache(BuildCacheStep.java:189)
		at org.gradle.internal.execution.steps.BuildCacheStep.lambda$execute$1(BuildCacheStep.java:76)
		at org.gradle.internal.Either$Right.fold(Either.java:176)
		at org.gradle.internal.execution.caching.CachingState.fold(CachingState.java:62)
		at org.gradle.internal.execution.steps.BuildCacheStep.execute(BuildCacheStep.java:74)
		at org.gradle.internal.execution.steps.BuildCacheStep.execute(BuildCacheStep.java:49)
		at org.gradle.internal.execution.steps.StoreExecutionStateStep.executeMutable(StoreExecutionStateStep.java:46)
		at org.gradle.internal.execution.steps.StoreExecutionStateStep.executeMutable(StoreExecutionStateStep.java:35)
		at org.gradle.internal.execution.steps.MutableStep.execute(MutableStep.java:26)
		at org.gradle.internal.execution.steps.SkipUpToDateStep.executeBecause(SkipUpToDateStep.java:75)
		at org.gradle.internal.execution.steps.SkipUpToDateStep.lambda$execute$2(SkipUpToDateStep.java:53)
		at java.base/java.util.Optional.orElseGet(Unknown Source)
		at org.gradle.internal.execution.steps.SkipUpToDateStep.execute(SkipUpToDateStep.java:53)
		at org.gradle.internal.execution.steps.SkipUpToDateStep.execute(SkipUpToDateStep.java:35)
		at org.gradle.internal.execution.steps.legacy.MarkSnapshottingInputsFinishedStep.execute(MarkSnapshottingInputsFinishedStep.java:37)
		at org.gradle.internal.execution.steps.legacy.MarkSnapshottingInputsFinishedStep.execute(MarkSnapshottingInputsFinishedStep.java:27)
		at org.gradle.internal.execution.steps.ResolveMutableCachingStateStep.executeDelegate(ResolveMutableCachingStateStep.java:70)
		at org.gradle.internal.execution.steps.ResolveMutableCachingStateStep.executeDelegate(ResolveMutableCachingStateStep.java:32)
		at org.gradle.internal.execution.steps.AbstractResolveCachingStateStep.execute(AbstractResolveCachingStateStep.java:69)
		at org.gradle.internal.execution.steps.AbstractResolveCachingStateStep.execute(AbstractResolveCachingStateStep.java:37)
		at org.gradle.internal.execution.steps.ResolveChangesStep.executeMutable(ResolveChangesStep.java:63)
		at org.gradle.internal.execution.steps.ResolveChangesStep.executeMutable(ResolveChangesStep.java:34)
		at org.gradle.internal.execution.steps.MutableStep.execute(MutableStep.java:26)
		at org.gradle.internal.execution.steps.ValidateStep$Mutable.executeDelegate(ValidateStep.java:79)
		at org.gradle.internal.execution.steps.ValidateStep$Mutable.executeDelegate(ValidateStep.java:65)
		at org.gradle.internal.execution.steps.ValidateStep.execute(ValidateStep.java:99)
		at org.gradle.internal.execution.steps.ValidateStep$Mutable.execute(ValidateStep.java:65)
		at org.gradle.internal.execution.steps.CaptureMutableStateBeforeExecutionStep.executeMutable(CaptureMutableStateBeforeExecutionStep.java:86)
		at org.gradle.internal.execution.steps.CaptureMutableStateBeforeExecutionStep.execute(CaptureMutableStateBeforeExecutionStep.java:65)
		at org.gradle.internal.execution.steps.CaptureMutableStateBeforeExecutionStep.execute(CaptureMutableStateBeforeExecutionStep.java:45)
		at org.gradle.internal.execution.steps.SkipEmptyMutableWorkStep.executeWithNonEmptySources(SkipEmptyMutableWorkStep.java:210)
		at org.gradle.internal.execution.steps.SkipEmptyMutableWorkStep.executeMutable(SkipEmptyMutableWorkStep.java:85)
		at org.gradle.internal.execution.steps.SkipEmptyMutableWorkStep.executeMutable(SkipEmptyMutableWorkStep.java:53)
		at org.gradle.internal.execution.steps.MutableStep.execute(MutableStep.java:26)
		at org.gradle.internal.execution.steps.legacy.MarkSnapshottingInputsStartedStep.execute(MarkSnapshottingInputsStartedStep.java:38)
		at org.gradle.internal.execution.steps.LoadPreviousExecutionStateStep.executeMutable(LoadPreviousExecutionStateStep.java:36)
		at org.gradle.internal.execution.steps.LoadPreviousExecutionStateStep.executeMutable(LoadPreviousExecutionStateStep.java:23)
		at org.gradle.internal.execution.steps.MutableStep.execute(MutableStep.java:26)
		at org.gradle.internal.execution.steps.HandleStaleOutputsStep.executeMutable(HandleStaleOutputsStep.java:77)
		at org.gradle.internal.execution.steps.HandleStaleOutputsStep.executeMutable(HandleStaleOutputsStep.java:43)
		at org.gradle.internal.execution.steps.MutableStep.execute(MutableStep.java:26)
		at org.gradle.internal.execution.steps.AssignMutableWorkspaceStep.lambda$executeMutable$0(AssignMutableWorkspaceStep.java:34)
		at org.gradle.api.internal.tasks.execution.TaskExecution$4.withWorkspace(TaskExecution.java:305)
		at org.gradle.internal.execution.steps.AssignMutableWorkspaceStep.executeMutable(AssignMutableWorkspaceStep.java:30)
		at org.gradle.internal.execution.steps.AssignMutableWorkspaceStep.executeMutable(AssignMutableWorkspaceStep.java:21)
		at org.gradle.internal.execution.steps.MutableStep.execute(MutableStep.java:26)
		at org.gradle.internal.execution.steps.ChoosePipelineStep.execute(ChoosePipelineStep.java:40)
		at org.gradle.internal.execution.steps.ChoosePipelineStep.execute(ChoosePipelineStep.java:23)
		at org.gradle.internal.execution.steps.ExecuteWorkBuildOperationFiringStep.lambda$execute$2(ExecuteWorkBuildOperationFiringStep.java:67)
		at java.base/java.util.Optional.orElseGet(Unknown Source)
		at org.gradle.internal.execution.steps.ExecuteWorkBuildOperationFiringStep.execute(ExecuteWorkBuildOperationFiringStep.java:67)
		at org.gradle.internal.execution.steps.ExecuteWorkBuildOperationFiringStep.execute(ExecuteWorkBuildOperationFiringStep.java:39)
		at org.gradle.internal.execution.steps.IdentityCacheStep.execute(IdentityCacheStep.java:46)
		at org.gradle.internal.execution.steps.IdentityCacheStep.execute(IdentityCacheStep.java:34)
		at org.gradle.internal.execution.steps.IdentifyStep.execute(IdentifyStep.java:56)
		at org.gradle.internal.execution.steps.IdentifyStep.execute(IdentifyStep.java:38)
		at org.gradle.internal.execution.impl.DefaultExecutionEngine$1.execute(DefaultExecutionEngine.java:68)
		at org.gradle.api.internal.tasks.execution.ExecuteActionsTaskExecuter.executeIfValid(ExecuteActionsTaskExecuter.java:132)
		at org.gradle.api.internal.tasks.execution.ExecuteActionsTaskExecuter.execute(ExecuteActionsTaskExecuter.java:121)
		at org.gradle.api.internal.tasks.execution.ProblemsTaskPathTrackingTaskExecuter.execute(ProblemsTaskPathTrackingTaskExecuter.java:41)
		at org.gradle.api.internal.tasks.execution.ResolveTaskExecutionModeExecuter.execute(ResolveTaskExecutionModeExecuter.java:51)
		at org.gradle.api.internal.tasks.execution.FinalizePropertiesTaskExecuter.execute(FinalizePropertiesTaskExecuter.java:46)
		at org.gradle.api.internal.tasks.execution.SkipTaskWithNoActionsExecuter.execute(SkipTaskWithNoActionsExecuter.java:57)
		at org.gradle.api.internal.tasks.execution.SkipOnlyIfTaskExecuter.execute(SkipOnlyIfTaskExecuter.java:74)
		at org.gradle.api.internal.tasks.execution.CatchExceptionTaskExecuter.execute(CatchExceptionTaskExecuter.java:36)
		at org.gradle.api.internal.tasks.execution.EventFiringTaskExecuter$1.executeTask(EventFiringTaskExecuter.java:77)
		at org.gradle.api.internal.tasks.execution.EventFiringTaskExecuter$1.call(EventFiringTaskExecuter.java:55)
		at org.gradle.api.internal.tasks.execution.EventFiringTaskExecuter$1.call(EventFiringTaskExecuter.java:52)
		at org.gradle.internal.operations.DefaultBuildOperationRunner$CallableBuildOperationWorker.execute(DefaultBuildOperationRunner.java:210)
		at org.gradle.internal.operations.DefaultBuildOperationRunner$CallableBuildOperationWorker.execute(DefaultBuildOperationRunner.java:205)
		at org.gradle.internal.operations.DefaultBuildOperationRunner$2.execute(DefaultBuildOperationRunner.java:67)
		at org.gradle.internal.operations.DefaultBuildOperationRunner$2.execute(DefaultBuildOperationRunner.java:60)
		at org.gradle.internal.operations.DefaultBuildOperationRunner.execute(DefaultBuildOperationRunner.java:167)
		at org.gradle.internal.operations.DefaultBuildOperationRunner.execute(DefaultBuildOperationRunner.java:60)
		at org.gradle.internal.operations.DefaultBuildOperationRunner.call(DefaultBuildOperationRunner.java:54)
		at org.gradle.api.internal.tasks.execution.EventFiringTaskExecuter.execute(EventFiringTaskExecuter.java:52)
		at org.gradle.execution.plan.DefaultNodeExecutor.executeLocalTaskNode(DefaultNodeExecutor.java:55)
		at org.gradle.execution.plan.DefaultNodeExecutor.execute(DefaultNodeExecutor.java:34)
		at org.gradle.execution.taskgraph.DefaultTaskExecutionGraph$InvokeNodeExecutorsAction.execute(DefaultTaskExecutionGraph.java:355)
		at org.gradle.execution.taskgraph.DefaultTaskExecutionGraph$InvokeNodeExecutorsAction.execute(DefaultTaskExecutionGraph.java:343)
		at org.gradle.execution.taskgraph.DefaultTaskExecutionGraph$BuildOperationAwareExecutionAction.lambda$execute$0(DefaultTaskExecutionGraph.java:339)
		at org.gradle.internal.operations.CurrentBuildOperationRef.with(CurrentBuildOperationRef.java:84)
		at org.gradle.execution.taskgraph.DefaultTaskExecutionGraph$BuildOperationAwareExecutionAction.execute(DefaultTaskExecutionGraph.java:339)
		at org.gradle.execution.taskgraph.DefaultTaskExecutionGraph$BuildOperationAwareExecutionAction.execute(DefaultTaskExecutionGraph.java:328)
		at org.gradle.execution.plan.DefaultPlanExecutor$ExecutorWorker.execute(DefaultPlanExecutor.java:459)
		at org.gradle.execution.plan.DefaultPlanExecutor$ExecutorWorker.run(DefaultPlanExecutor.java:376)
		at org.gradle.internal.concurrent.ExecutorPolicy$CatchAndRecordFailures.onExecute(ExecutorPolicy.java:64)
		at org.gradle.internal.concurrent.AbstractManagedExecutor$1.run(AbstractManagedExecutor.java:47)
		at java.base/java.util.concurrent.ThreadPoolExecutor.runWorker(Unknown Source)
		at java.base/java.util.concurrent.ThreadPoolExecutor$Worker.run(Unknown Source)
		at java.base/java.lang.Thread.run(Unknown Source)
	Suppressed: java.nio.file.AccessDeniedException: C:\Users\bhauk\Documents\projects\PeriodSaathi\app\build\intermediates\packaged_res\debug\packageDebugResources\mipmap-xxhdpi-v4
		at java.base/sun.nio.fs.WindowsException.translateToIOException(Unknown Source)
		at java.base/sun.nio.fs.WindowsException.rethrowAsIOException(Unknown Source)
		at java.base/sun.nio.fs.WindowsException.rethrowAsIOException(Unknown Source)
		at java.base/sun.nio.fs.WindowsFileSystemProvider.implDelete(Unknown Source)
		at java.base/sun.nio.fs.AbstractFileSystemProvider.deleteIfExists(Unknown Source)
		at java.base/java.nio.file.Files.deleteIfExists(Unknown Source)
		at org.gradle.internal.file.impl.DefaultDeleter.deleteFile(DefaultDeleter.java:198)
		at org.gradle.internal.file.impl.DefaultDeleter.tryHardToDelete(DefaultDeleter.java:186)
		at org.gradle.internal.file.impl.DefaultDeleter.deleteRecursively(DefaultDeleter.java:143)
		at org.gradle.internal.file.impl.DefaultDeleter.deleteRecursively(DefaultDeleter.java:134)
		at org.gradle.internal.file.impl.DefaultDeleter.deleteRecursively(DefaultDeleter.java:115)
		at org.gradle.internal.file.impl.DefaultDeleter.ensureEmptyDirectory(DefaultDeleter.java:90)
		at org.gradle.internal.file.impl.DefaultDeleter.ensureEmptyDirectory(DefaultDeleter.java:82)
		at org.gradle.internal.execution.steps.RemovePreviousOutputsStep$2.visitOutputProperty(RemovePreviousOutputsStep.java:121)
		at org.gradle.api.internal.tasks.execution.TaskExecution.visitOutputs(TaskExecution.java:365)
		at org.gradle.internal.execution.steps.RemovePreviousOutputsStep.cleanupExclusivelyOwnedOutputs(RemovePreviousOutputsStep.java:110)
		at org.gradle.internal.execution.steps.RemovePreviousOutputsStep.executeMutable(RemovePreviousOutputsStep.java:63)
		at org.gradle.internal.execution.steps.RemovePreviousOutputsStep.executeMutable(RemovePreviousOutputsStep.java:39)
		at org.gradle.internal.execution.steps.MutableStep.execute(MutableStep.java:26)
		at org.gradle.internal.execution.steps.BroadcastChangingOutputsStep.execute(BroadcastChangingOutputsStep.java:42)
		at org.gradle.internal.execution.steps.BroadcastChangingOutputsStep.execute(BroadcastChangingOutputsStep.java:24)
		at org.gradle.internal.execution.steps.CaptureOutputsAfterExecutionStep.execute(CaptureOutputsAfterExecutionStep.java:69)
		at org.gradle.internal.execution.steps.CaptureOutputsAfterExecutionStep.execute(CaptureOutputsAfterExecutionStep.java:46)
		at org.gradle.internal.execution.steps.ResolveInputChangesStep.executeMutable(ResolveInputChangesStep.java:39)
		at org.gradle.internal.execution.steps.ResolveInputChangesStep.executeMutable(ResolveInputChangesStep.java:28)
		at org.gradle.internal.execution.steps.MutableStep.execute(MutableStep.java:26)
		at org.gradle.internal.execution.steps.BuildCacheStep.executeWithoutCache(BuildCacheStep.java:189)
		at org.gradle.internal.execution.steps.BuildCacheStep.lambda$execute$1(BuildCacheStep.java:76)
		at org.gradle.internal.Either$Right.fold(Either.java:176)
		at org.gradle.internal.execution.caching.CachingState.fold(CachingState.java:62)
		at org.gradle.internal.execution.steps.BuildCacheStep.execute(BuildCacheStep.java:74)
		at org.gradle.internal.execution.steps.BuildCacheStep.execute(BuildCacheStep.java:49)
		at org.gradle.internal.execution.steps.StoreExecutionStateStep.executeMutable(StoreExecutionStateStep.java:46)
		at org.gradle.internal.execution.steps.StoreExecutionStateStep.executeMutable(StoreExecutionStateStep.java:35)
		at org.gradle.internal.execution.steps.MutableStep.execute(MutableStep.java:26)
		at org.gradle.internal.execution.steps.SkipUpToDateStep.executeBecause(SkipUpToDateStep.java:75)
		at org.gradle.internal.execution.steps.SkipUpToDateStep.lambda$execute$2(SkipUpToDateStep.java:53)
		at java.base/java.util.Optional.orElseGet(Unknown Source)
		at org.gradle.internal.execution.steps.SkipUpToDateStep.execute(SkipUpToDateStep.java:53)
		at org.gradle.internal.execution.steps.SkipUpToDateStep.execute(SkipUpToDateStep.java:35)
		at org.gradle.internal.execution.steps.legacy.MarkSnapshottingInputsFinishedStep.execute(MarkSnapshottingInputsFinishedStep.java:37)
		at org.gradle.internal.execution.steps.legacy.MarkSnapshottingInputsFinishedStep.execute(MarkSnapshottingInputsFinishedStep.java:27)
		at org.gradle.internal.execution.steps.ResolveMutableCachingStateStep.executeDelegate(ResolveMutableCachingStateStep.java:70)
		at org.gradle.internal.execution.steps.ResolveMutableCachingStateStep.executeDelegate(ResolveMutableCachingStateStep.java:32)
		at org.gradle.internal.execution.steps.AbstractResolveCachingStateStep.execute(AbstractResolveCachingStateStep.java:69)
		at org.gradle.internal.execution.steps.AbstractResolveCachingStateStep.execute(AbstractResolveCachingStateStep.java:37)
		at org.gradle.internal.execution.steps.ResolveChangesStep.executeMutable(ResolveChangesStep.java:63)
		at org.gradle.internal.execution.steps.ResolveChangesStep.executeMutable(ResolveChangesStep.java:34)
		at org.gradle.internal.execution.steps.MutableStep.execute(MutableStep.java:26)
		at org.gradle.internal.execution.steps.ValidateStep$Mutable.executeDelegate(ValidateStep.java:79)
		at org.gradle.internal.execution.steps.ValidateStep$Mutable.executeDelegate(ValidateStep.java:65)
		at org.gradle.internal.execution.steps.ValidateStep.execute(ValidateStep.java:99)
		at org.gradle.internal.execution.steps.ValidateStep$Mutable.execute(ValidateStep.java:65)
		at org.gradle.internal.execution.steps.CaptureMutableStateBeforeExecutionStep.executeMutable(CaptureMutableStateBeforeExecutionStep.java:86)
		at org.gradle.internal.execution.steps.CaptureMutableStateBeforeExecutionStep.execute(CaptureMutableStateBeforeExecutionStep.java:65)
		at org.gradle.internal.execution.steps.CaptureMutableStateBeforeExecutionStep.execute(CaptureMutableStateBeforeExecutionStep.java:45)
		at org.gradle.internal.execution.steps.SkipEmptyMutableWorkStep.executeWithNonEmptySources(SkipEmptyMutableWorkStep.java:210)
		at org.gradle.internal.execution.steps.SkipEmptyMutableWorkStep.executeMutable(SkipEmptyMutableWorkStep.java:85)
		at org.gradle.internal.execution.steps.SkipEmptyMutableWorkStep.executeMutable(SkipEmptyMutableWorkStep.java:53)
		at org.gradle.internal.execution.steps.MutableStep.execute(MutableStep.java:26)
		at org.gradle.internal.execution.steps.legacy.MarkSnapshottingInputsStartedStep.execute(MarkSnapshottingInputsStartedStep.java:38)
		at org.gradle.internal.execution.steps.LoadPreviousExecutionStateStep.executeMutable(LoadPreviousExecutionStateStep.java:36)
		at org.gradle.internal.execution.steps.LoadPreviousExecutionStateStep.executeMutable(LoadPreviousExecutionStateStep.java:23)
		at org.gradle.internal.execution.steps.MutableStep.execute(MutableStep.java:26)
		at org.gradle.internal.execution.steps.HandleStaleOutputsStep.executeMutable(HandleStaleOutputsStep.java:77)
		at org.gradle.internal.execution.steps.HandleStaleOutputsStep.executeMutable(HandleStaleOutputsStep.java:43)
		at org.gradle.internal.execution.steps.MutableStep.execute(MutableStep.java:26)
		at org.gradle.internal.execution.steps.AssignMutableWorkspaceStep.lambda$executeMutable$0(AssignMutableWorkspaceStep.java:34)
		at org.gradle.api.internal.tasks.execution.TaskExecution$4.withWorkspace(TaskExecution.java:305)
		at org.gradle.internal.execution.steps.AssignMutableWorkspaceStep.executeMutable(AssignMutableWorkspaceStep.java:30)
		at org.gradle.internal.execution.steps.AssignMutableWorkspaceStep.executeMutable(AssignMutableWorkspaceStep.java:21)
		at org.gradle.internal.execution.steps.MutableStep.execute(MutableStep.java:26)
		at org.gradle.internal.execution.steps.ChoosePipelineStep.execute(ChoosePipelineStep.java:40)
		at org.gradle.internal.execution.steps.ChoosePipelineStep.execute(ChoosePipelineStep.java:23)
		at org.gradle.internal.execution.steps.ExecuteWorkBuildOperationFiringStep.lambda$execute$2(ExecuteWorkBuildOperationFiringStep.java:67)
		at java.base/java.util.Optional.orElseGet(Unknown Source)
		at org.gradle.internal.execution.steps.ExecuteWorkBuildOperationFiringStep.execute(ExecuteWorkBuildOperationFiringStep.java:67)
		at org.gradle.internal.execution.steps.ExecuteWorkBuildOperationFiringStep.execute(ExecuteWorkBuildOperationFiringStep.java:39)
		at org.gradle.internal.execution.steps.IdentityCacheStep.execute(IdentityCacheStep.java:46)
		at org.gradle.internal.execution.steps.IdentityCacheStep.execute(IdentityCacheStep.java:34)
		at org.gradle.internal.execution.steps.IdentifyStep.execute(IdentifyStep.java:56)
		at org.gradle.internal.execution.steps.IdentifyStep.execute(IdentifyStep.java:38)
		at org.gradle.internal.execution.impl.DefaultExecutionEngine$1.execute(DefaultExecutionEngine.java:68)
		at org.gradle.api.internal.tasks.execution.ExecuteActionsTaskExecuter.executeIfValid(ExecuteActionsTaskExecuter.java:132)
		at org.gradle.api.internal.tasks.execution.ExecuteActionsTaskExecuter.execute(ExecuteActionsTaskExecuter.java:121)
		at org.gradle.api.internal.tasks.execution.ProblemsTaskPathTrackingTaskExecuter.execute(ProblemsTaskPathTrackingTaskExecuter.java:41)
		at org.gradle.api.internal.tasks.execution.ResolveTaskExecutionModeExecuter.execute(ResolveTaskExecutionModeExecuter.java:51)
		at org.gradle.api.internal.tasks.execution.FinalizePropertiesTaskExecuter.execute(FinalizePropertiesTaskExecuter.java:46)
		at org.gradle.api.internal.tasks.execution.SkipTaskWithNoActionsExecuter.execute(SkipTaskWithNoActionsExecuter.java:57)
		at org.gradle.api.internal.tasks.execution.SkipOnlyIfTaskExecuter.execute(SkipOnlyIfTaskExecuter.java:74)
		at org.gradle.api.internal.tasks.execution.CatchExceptionTaskExecuter.execute(CatchExceptionTaskExecuter.java:36)
		at org.gradle.api.internal.tasks.execution.EventFiringTaskExecuter$1.executeTask(EventFiringTaskExecuter.java:77)
		at org.gradle.api.internal.tasks.execution.EventFiringTaskExecuter$1.call(EventFiringTaskExecuter.java:55)
		at org.gradle.api.internal.tasks.execution.EventFiringTaskExecuter$1.call(EventFiringTaskExecuter.java:52)
		at org.gradle.internal.operations.DefaultBuildOperationRunner$CallableBuildOperationWorker.execute(DefaultBuildOperationRunner.java:210)
		at org.gradle.internal.operations.DefaultBuildOperationRunner$CallableBuildOperationWorker.execute(DefaultBuildOperationRunner.java:205)
		at org.gradle.internal.operations.DefaultBuildOperationRunner$2.execute(DefaultBuildOperationRunner.java:67)
		at org.gradle.internal.operations.DefaultBuildOperationRunner$2.execute(DefaultBuildOperationRunner.java:60)
		at org.gradle.internal.operations.DefaultBuildOperationRunner.execute(DefaultBuildOperationRunner.java:167)
		at org.gradle.internal.operations.DefaultBuildOperationRunner.execute(DefaultBuildOperationRunner.java:60)
		at org.gradle.internal.operations.DefaultBuildOperationRunner.call(DefaultBuildOperationRunner.java:54)
		at org.gradle.api.internal.tasks.execution.EventFiringTaskExecuter.execute(EventFiringTaskExecuter.java:52)
		at org.gradle.execution.plan.DefaultNodeExecutor.executeLocalTaskNode(DefaultNodeExecutor.java:55)
		at org.gradle.execution.plan.DefaultNodeExecutor.execute(DefaultNodeExecutor.java:34)
		at org.gradle.execution.taskgraph.DefaultTaskExecutionGraph$InvokeNodeExecutorsAction.execute(DefaultTaskExecutionGraph.java:355)
		at org.gradle.execution.taskgraph.DefaultTaskExecutionGraph$InvokeNodeExecutorsAction.execute(DefaultTaskExecutionGraph.java:343)
		at org.gradle.execution.taskgraph.DefaultTaskExecutionGraph$BuildOperationAwareExecutionAction.lambda$execute$0(DefaultTaskExecutionGraph.java:339)
		at org.gradle.internal.operations.CurrentBuildOperationRef.with(CurrentBuildOperationRef.java:84)
		at org.gradle.execution.taskgraph.DefaultTaskExecutionGraph$BuildOperationAwareExecutionAction.execute(DefaultTaskExecutionGraph.java:339)
		at org.gradle.execution.taskgraph.DefaultTaskExecutionGraph$BuildOperationAwareExecutionAction.execute(DefaultTaskExecutionGraph.java:328)
		at org.gradle.execution.plan.DefaultPlanExecutor$ExecutorWorker.execute(DefaultPlanExecutor.java:459)
		at org.gradle.execution.plan.DefaultPlanExecutor$ExecutorWorker.run(DefaultPlanExecutor.java:376)
		at org.gradle.internal.concurrent.ExecutorPolicy$CatchAndRecordFailures.onExecute(ExecutorPolicy.java:64)
		at org.gradle.internal.concurrent.AbstractManagedExecutor$1.run(AbstractManagedExecutor.java:47)
		at java.base/java.util.concurrent.ThreadPoolExecutor.runWorker(Unknown Source)
		at java.base/java.util.concurrent.ThreadPoolExecutor$Worker.run(Unknown Source)
		at java.base/java.lang.Thread.run(Unknown Source)
	Suppressed: java.nio.file.AccessDeniedException: C:\Users\bhauk\Documents\projects\PeriodSaathi\app\build\intermediates\packaged_res\debug\packageDebugResources\mipmap-xxxhdpi-v4
		at java.base/sun.nio.fs.WindowsException.translateToIOException(Unknown Source)
		at java.base/sun.nio.fs.WindowsException.rethrowAsIOException(Unknown Source)
		at java.base/sun.nio.fs.WindowsException.rethrowAsIOException(Unknown Source)
		at java.base/sun.nio.fs.WindowsFileSystemProvider.implDelete(Unknown Source)
		at java.base/sun.nio.fs.AbstractFileSystemProvider.deleteIfExists(Unknown Source)
		at java.base/java.nio.file.Files.deleteIfExists(Unknown Source)
		at org.gradle.internal.file.impl.DefaultDeleter.deleteFile(DefaultDeleter.java:198)
		at org.gradle.internal.file.impl.DefaultDeleter.tryHardToDelete(DefaultDeleter.java:186)
		at org.gradle.internal.file.impl.DefaultDeleter.deleteRecursively(DefaultDeleter.java:143)
		at org.gradle.internal.file.impl.DefaultDeleter.deleteRecursively(DefaultDeleter.java:134)
		at org.gradle.internal.file.impl.DefaultDeleter.deleteRecursively(DefaultDeleter.java:115)
		at org.gradle.internal.file.impl.DefaultDeleter.ensureEmptyDirectory(DefaultDeleter.java:90)
		at org.gradle.internal.file.impl.DefaultDeleter.ensureEmptyDirectory(DefaultDeleter.java:82)
		at org.gradle.internal.execution.steps.RemovePreviousOutputsStep$2.visitOutputProperty(RemovePreviousOutputsStep.java:121)
		at org.gradle.api.internal.tasks.execution.TaskExecution.visitOutputs(TaskExecution.java:365)
		at org.gradle.internal.execution.steps.RemovePreviousOutputsStep.cleanupExclusivelyOwnedOutputs(RemovePreviousOutputsStep.java:110)
		at org.gradle.internal.execution.steps.RemovePreviousOutputsStep.executeMutable(RemovePreviousOutputsStep.java:63)
		at org.gradle.internal.execution.steps.RemovePreviousOutputsStep.executeMutable(RemovePreviousOutputsStep.java:39)
		at org.gradle.internal.execution.steps.MutableStep.execute(MutableStep.java:26)
		at org.gradle.internal.execution.steps.BroadcastChangingOutputsStep.execute(BroadcastChangingOutputsStep.java:42)
		at org.gradle.internal.execution.steps.BroadcastChangingOutputsStep.execute(BroadcastChangingOutputsStep.java:24)
		at org.gradle.internal.execution.steps.CaptureOutputsAfterExecutionStep.execute(CaptureOutputsAfterExecutionStep.java:69)
		at org.gradle.internal.execution.steps.CaptureOutputsAfterExecutionStep.execute(CaptureOutputsAfterExecutionStep.java:46)
		at org.gradle.internal.execution.steps.ResolveInputChangesStep.executeMutable(ResolveInputChangesStep.java:39)
		at org.gradle.internal.execution.steps.ResolveInputChangesStep.executeMutable(ResolveInputChangesStep.java:28)
		at org.gradle.internal.execution.steps.MutableStep.execute(MutableStep.java:26)
		at org.gradle.internal.execution.steps.BuildCacheStep.executeWithoutCache(BuildCacheStep.java:189)
		at org.gradle.internal.execution.steps.BuildCacheStep.lambda$execute$1(BuildCacheStep.java:76)
		at org.gradle.internal.Either$Right.fold(Either.java:176)
		at org.gradle.internal.execution.caching.CachingState.fold(CachingState.java:62)
		at org.gradle.internal.execution.steps.BuildCacheStep.execute(BuildCacheStep.java:74)
		at org.gradle.internal.execution.steps.BuildCacheStep.execute(BuildCacheStep.java:49)
		at org.gradle.internal.execution.steps.StoreExecutionStateStep.executeMutable(StoreExecutionStateStep.java:46)
		at org.gradle.internal.execution.steps.StoreExecutionStateStep.executeMutable(StoreExecutionStateStep.java:35)
		at org.gradle.internal.execution.steps.MutableStep.execute(MutableStep.java:26)
		at org.gradle.internal.execution.steps.SkipUpToDateStep.executeBecause(SkipUpToDateStep.java:75)
		at org.gradle.internal.execution.steps.SkipUpToDateStep.lambda$execute$2(SkipUpToDateStep.java:53)
		at java.base/java.util.Optional.orElseGet(Unknown Source)
		at org.gradle.internal.execution.steps.SkipUpToDateStep.execute(SkipUpToDateStep.java:53)
		at org.gradle.internal.execution.steps.SkipUpToDateStep.execute(SkipUpToDateStep.java:35)
		at org.gradle.internal.execution.steps.legacy.MarkSnapshottingInputsFinishedStep.execute(MarkSnapshottingInputsFinishedStep.java:37)
		at org.gradle.internal.execution.steps.legacy.MarkSnapshottingInputsFinishedStep.execute(MarkSnapshottingInputsFinishedStep.java:27)
		at org.gradle.internal.execution.steps.ResolveMutableCachingStateStep.executeDelegate(ResolveMutableCachingStateStep.java:70)
		at org.gradle.internal.execution.steps.ResolveMutableCachingStateStep.executeDelegate(ResolveMutableCachingStateStep.java:32)
		at org.gradle.internal.execution.steps.AbstractResolveCachingStateStep.execute(AbstractResolveCachingStateStep.java:69)
		at org.gradle.internal.execution.steps.AbstractResolveCachingStateStep.execute(AbstractResolveCachingStateStep.java:37)
		at org.gradle.internal.execution.steps.ResolveChangesStep.executeMutable(ResolveChangesStep.java:63)
		at org.gradle.internal.execution.steps.ResolveChangesStep.executeMutable(ResolveChangesStep.java:34)
		at org.gradle.internal.execution.steps.MutableStep.execute(MutableStep.java:26)
		at org.gradle.internal.execution.steps.ValidateStep$Mutable.executeDelegate(ValidateStep.java:79)
		at org.gradle.internal.execution.steps.ValidateStep$Mutable.executeDelegate(ValidateStep.java:65)
		at org.gradle.internal.execution.steps.ValidateStep.execute(ValidateStep.java:99)
		at org.gradle.internal.execution.steps.ValidateStep$Mutable.execute(ValidateStep.java:65)
		at org.gradle.internal.execution.steps.CaptureMutableStateBeforeExecutionStep.executeMutable(CaptureMutableStateBeforeExecutionStep.java:86)
		at org.gradle.internal.execution.steps.CaptureMutableStateBeforeExecutionStep.execute(CaptureMutableStateBeforeExecutionStep.java:65)
		at org.gradle.internal.execution.steps.CaptureMutableStateBeforeExecutionStep.execute(CaptureMutableStateBeforeExecutionStep.java:45)
		at org.gradle.internal.execution.steps.SkipEmptyMutableWorkStep.executeWithNonEmptySources(SkipEmptyMutableWorkStep.java:210)
		at org.gradle.internal.execution.steps.SkipEmptyMutableWorkStep.executeMutable(SkipEmptyMutableWorkStep.java:85)
		at org.gradle.internal.execution.steps.SkipEmptyMutableWorkStep.executeMutable(SkipEmptyMutableWorkStep.java:53)
		at org.gradle.internal.execution.steps.MutableStep.execute(MutableStep.java:26)
		at org.gradle.internal.execution.steps.legacy.MarkSnapshottingInputsStartedStep.execute(MarkSnapshottingInputsStartedStep.java:38)
		at org.gradle.internal.execution.steps.LoadPreviousExecutionStateStep.executeMutable(LoadPreviousExecutionStateStep.java:36)
		at org.gradle.internal.execution.steps.LoadPreviousExecutionStateStep.executeMutable(LoadPreviousExecutionStateStep.java:23)
		at org.gradle.internal.execution.steps.MutableStep.execute(MutableStep.java:26)
		at org.gradle.internal.execution.steps.HandleStaleOutputsStep.executeMutable(HandleStaleOutputsStep.java:77)
		at org.gradle.internal.execution.steps.HandleStaleOutputsStep.executeMutable(HandleStaleOutputsStep.java:43)
		at org.gradle.internal.execution.steps.MutableStep.execute(MutableStep.java:26)
		at org.gradle.internal.execution.steps.AssignMutableWorkspaceStep.lambda$executeMutable$0(AssignMutableWorkspaceStep.java:34)
		at org.gradle.api.internal.tasks.execution.TaskExecution$4.withWorkspace(TaskExecution.java:305)
		at org.gradle.internal.execution.steps.AssignMutableWorkspaceStep.executeMutable(AssignMutableWorkspaceStep.java:30)
		at org.gradle.internal.execution.steps.AssignMutableWorkspaceStep.executeMutable(AssignMutableWorkspaceStep.java:21)
		at org.gradle.internal.execution.steps.MutableStep.execute(MutableStep.java:26)
		at org.gradle.internal.execution.steps.ChoosePipelineStep.execute(ChoosePipelineStep.java:40)
		at org.gradle.internal.execution.steps.ChoosePipelineStep.execute(ChoosePipelineStep.java:23)
		at org.gradle.internal.execution.steps.ExecuteWorkBuildOperationFiringStep.lambda$execute$2(ExecuteWorkBuildOperationFiringStep.java:67)
		at java.base/java.util.Optional.orElseGet(Unknown Source)
		at org.gradle.internal.execution.steps.ExecuteWorkBuildOperationFiringStep.execute(ExecuteWorkBuildOperationFiringStep.java:67)
		at org.gradle.internal.execution.steps.ExecuteWorkBuildOperationFiringStep.execute(ExecuteWorkBuildOperationFiringStep.java:39)
		at org.gradle.internal.execution.steps.IdentityCacheStep.execute(IdentityCacheStep.java:46)
		at org.gradle.internal.execution.steps.IdentityCacheStep.execute(IdentityCacheStep.java:34)
		at org.gradle.internal.execution.steps.IdentifyStep.execute(IdentifyStep.java:56)
		at org.gradle.internal.execution.steps.IdentifyStep.execute(IdentifyStep.java:38)
		at org.gradle.internal.execution.impl.DefaultExecutionEngine$1.execute(DefaultExecutionEngine.java:68)
		at org.gradle.api.internal.tasks.execution.ExecuteActionsTaskExecuter.executeIfValid(ExecuteActionsTaskExecuter.java:132)
		at org.gradle.api.internal.tasks.execution.ExecuteActionsTaskExecuter.execute(ExecuteActionsTaskExecuter.java:121)
		at org.gradle.api.internal.tasks.execution.ProblemsTaskPathTrackingTaskExecuter.execute(ProblemsTaskPathTrackingTaskExecuter.java:41)
		at org.gradle.api.internal.tasks.execution.ResolveTaskExecutionModeExecuter.execute(ResolveTaskExecutionModeExecuter.java:51)
		at org.gradle.api.internal.tasks.execution.FinalizePropertiesTaskExecuter.execute(FinalizePropertiesTaskExecuter.java:46)
		at org.gradle.api.internal.tasks.execution.SkipTaskWithNoActionsExecuter.execute(SkipTaskWithNoActionsExecuter.java:57)
		at org.gradle.api.internal.tasks.execution.SkipOnlyIfTaskExecuter.execute(SkipOnlyIfTaskExecuter.java:74)
		at org.gradle.api.internal.tasks.execution.CatchExceptionTaskExecuter.execute(CatchExceptionTaskExecuter.java:36)
		at org.gradle.api.internal.tasks.execution.EventFiringTaskExecuter$1.executeTask(EventFiringTaskExecuter.java:77)
		at org.gradle.api.internal.tasks.execution.EventFiringTaskExecuter$1.call(EventFiringTaskExecuter.java:55)
		at org.gradle.api.internal.tasks.execution.EventFiringTaskExecuter$1.call(EventFiringTaskExecuter.java:52)
		at org.gradle.internal.operations.DefaultBuildOperationRunner$CallableBuildOperationWorker.execute(DefaultBuildOperationRunner.java:210)
		at org.gradle.internal.operations.DefaultBuildOperationRunner$CallableBuildOperationWorker.execute(DefaultBuildOperationRunner.java:205)
		at org.gradle.internal.operations.DefaultBuildOperationRunner$2.execute(DefaultBuildOperationRunner.java:67)
		at org.gradle.internal.operations.DefaultBuildOperationRunner$2.execute(DefaultBuildOperationRunner.java:60)
		at org.gradle.internal.operations.DefaultBuildOperationRunner.execute(DefaultBuildOperationRunner.java:167)
		at org.gradle.internal.operations.DefaultBuildOperationRunner.execute(DefaultBuildOperationRunner.java:60)
		at org.gradle.internal.operations.DefaultBuildOperationRunner.call(DefaultBuildOperationRunner.java:54)
		at org.gradle.api.internal.tasks.execution.EventFiringTaskExecuter.execute(EventFiringTaskExecuter.java:52)
		at org.gradle.execution.plan.DefaultNodeExecutor.executeLocalTaskNode(DefaultNodeExecutor.java:55)
		at org.gradle.execution.plan.DefaultNodeExecutor.execute(DefaultNodeExecutor.java:34)
		at org.gradle.execution.taskgraph.DefaultTaskExecutionGraph$InvokeNodeExecutorsAction.execute(DefaultTaskExecutionGraph.java:355)
		at org.gradle.execution.taskgraph.DefaultTaskExecutionGraph$InvokeNodeExecutorsAction.execute(DefaultTaskExecutionGraph.java:343)
		at org.gradle.execution.taskgraph.DefaultTaskExecutionGraph$BuildOperationAwareExecutionAction.lambda$execute$0(DefaultTaskExecutionGraph.java:339)
		at org.gradle.internal.operations.CurrentBuildOperationRef.with(CurrentBuildOperationRef.java:84)
		at org.gradle.execution.taskgraph.DefaultTaskExecutionGraph$BuildOperationAwareExecutionAction.execute(DefaultTaskExecutionGraph.java:339)
		at org.gradle.execution.taskgraph.DefaultTaskExecutionGraph$BuildOperationAwareExecutionAction.execute(DefaultTaskExecutionGraph.java:328)
		at org.gradle.execution.plan.DefaultPlanExecutor$ExecutorWorker.execute(DefaultPlanExecutor.java:459)
		at org.gradle.execution.plan.DefaultPlanExecutor$ExecutorWorker.run(DefaultPlanExecutor.java:376)
		at org.gradle.internal.concurrent.ExecutorPolicy$CatchAndRecordFailures.onExecute(ExecutorPolicy.java:64)
		at org.gradle.internal.concurrent.AbstractManagedExecutor$1.run(AbstractManagedExecutor.java:47)
		at java.base/java.util.concurrent.ThreadPoolExecutor.runWorker(Unknown Source)
		at java.base/java.util.concurrent.ThreadPoolExecutor$Worker.run(Unknown Source)
		at java.base/java.lang.Thread.run(Unknown Source)
	Suppressed: java.nio.file.AccessDeniedException: C:\Users\bhauk\Documents\projects\PeriodSaathi\app\build\intermediates\packaged_res\debug\packageDebugResources\raw
		at java.base/sun.nio.fs.WindowsException.translateToIOException(Unknown Source)
		at java.base/sun.nio.fs.WindowsException.rethrowAsIOException(Unknown Source)
		at java.base/sun.nio.fs.WindowsException.rethrowAsIOException(Unknown Source)
		at java.base/sun.nio.fs.WindowsFileSystemProvider.implDelete(Unknown Source)
		at java.base/sun.nio.fs.AbstractFileSystemProvider.deleteIfExists(Unknown Source)
		at java.base/java.nio.file.Files.deleteIfExists(Unknown Source)
		at org.gradle.internal.file.impl.DefaultDeleter.deleteFile(DefaultDeleter.java:198)
		at org.gradle.internal.file.impl.DefaultDeleter.tryHardToDelete(DefaultDeleter.java:186)
		at org.gradle.internal.file.impl.DefaultDeleter.deleteRecursively(DefaultDeleter.java:143)
		at org.gradle.internal.file.impl.DefaultDeleter.deleteRecursively(DefaultDeleter.java:134)
		at org.gradle.internal.file.impl.DefaultDeleter.deleteRecursively(DefaultDeleter.java:115)
		at org.gradle.internal.file.impl.DefaultDeleter.ensureEmptyDirectory(DefaultDeleter.java:90)
		at org.gradle.internal.file.impl.DefaultDeleter.ensureEmptyDirectory(DefaultDeleter.java:82)
		at org.gradle.internal.execution.steps.RemovePreviousOutputsStep$2.visitOutputProperty(RemovePreviousOutputsStep.java:121)
		at org.gradle.api.internal.tasks.execution.TaskExecution.visitOutputs(TaskExecution.java:365)
		at org.gradle.internal.execution.steps.RemovePreviousOutputsStep.cleanupExclusivelyOwnedOutputs(RemovePreviousOutputsStep.java:110)
		at org.gradle.internal.execution.steps.RemovePreviousOutputsStep.executeMutable(RemovePreviousOutputsStep.java:63)
		at org.gradle.internal.execution.steps.RemovePreviousOutputsStep.executeMutable(RemovePreviousOutputsStep.java:39)
		at org.gradle.internal.execution.steps.MutableStep.execute(MutableStep.java:26)
		at org.gradle.internal.execution.steps.BroadcastChangingOutputsStep.execute(BroadcastChangingOutputsStep.java:42)
		at org.gradle.internal.execution.steps.BroadcastChangingOutputsStep.execute(BroadcastChangingOutputsStep.java:24)
		at org.gradle.internal.execution.steps.CaptureOutputsAfterExecutionStep.execute(CaptureOutputsAfterExecutionStep.java:69)
		at org.gradle.internal.execution.steps.CaptureOutputsAfterExecutionStep.execute(CaptureOutputsAfterExecutionStep.java:46)
		at org.gradle.internal.execution.steps.ResolveInputChangesStep.executeMutable(ResolveInputChangesStep.java:39)
		at org.gradle.internal.execution.steps.ResolveInputChangesStep.executeMutable(ResolveInputChangesStep.java:28)
		at org.gradle.internal.execution.steps.MutableStep.execute(MutableStep.java:26)
		at org.gradle.internal.execution.steps.BuildCacheStep.executeWithoutCache(BuildCacheStep.java:189)
		at org.gradle.internal.execution.steps.BuildCacheStep.lambda$execute$1(BuildCacheStep.java:76)
		at org.gradle.internal.Either$Right.fold(Either.java:176)
		at org.gradle.internal.execution.caching.CachingState.fold(CachingState.java:62)
		at org.gradle.internal.execution.steps.BuildCacheStep.execute(BuildCacheStep.java:74)
		at org.gradle.internal.execution.steps.BuildCacheStep.execute(BuildCacheStep.java:49)
		at org.gradle.internal.execution.steps.StoreExecutionStateStep.executeMutable(StoreExecutionStateStep.java:46)
		at org.gradle.internal.execution.steps.StoreExecutionStateStep.executeMutable(StoreExecutionStateStep.java:35)
		at org.gradle.internal.execution.steps.MutableStep.execute(MutableStep.java:26)
		at org.gradle.internal.execution.steps.SkipUpToDateStep.executeBecause(SkipUpToDateStep.java:75)
		at org.gradle.internal.execution.steps.SkipUpToDateStep.lambda$execute$2(SkipUpToDateStep.java:53)
		at java.base/java.util.Optional.orElseGet(Unknown Source)
		at org.gradle.internal.execution.steps.SkipUpToDateStep.execute(SkipUpToDateStep.java:53)
		at org.gradle.internal.execution.steps.SkipUpToDateStep.execute(SkipUpToDateStep.java:35)
		at org.gradle.internal.execution.steps.legacy.MarkSnapshottingInputsFinishedStep.execute(MarkSnapshottingInputsFinishedStep.java:37)
		at org.gradle.internal.execution.steps.legacy.MarkSnapshottingInputsFinishedStep.execute(MarkSnapshottingInputsFinishedStep.java:27)
		at org.gradle.internal.execution.steps.ResolveMutableCachingStateStep.executeDelegate(ResolveMutableCachingStateStep.java:70)
		at org.gradle.internal.execution.steps.ResolveMutableCachingStateStep.executeDelegate(ResolveMutableCachingStateStep.java:32)
		at org.gradle.internal.execution.steps.AbstractResolveCachingStateStep.execute(AbstractResolveCachingStateStep.java:69)
		at org.gradle.internal.execution.steps.AbstractResolveCachingStateStep.execute(AbstractResolveCachingStateStep.java:37)
		at org.gradle.internal.execution.steps.ResolveChangesStep.executeMutable(ResolveChangesStep.java:63)
		at org.gradle.internal.execution.steps.ResolveChangesStep.executeMutable(ResolveChangesStep.java:34)
		at org.gradle.internal.execution.steps.MutableStep.execute(MutableStep.java:26)
		at org.gradle.internal.execution.steps.ValidateStep$Mutable.executeDelegate(ValidateStep.java:79)
		at org.gradle.internal.execution.steps.ValidateStep$Mutable.executeDelegate(ValidateStep.java:65)
		at org.gradle.internal.execution.steps.ValidateStep.execute(ValidateStep.java:99)
		at org.gradle.internal.execution.steps.ValidateStep$Mutable.execute(ValidateStep.java:65)
		at org.gradle.internal.execution.steps.CaptureMutableStateBeforeExecutionStep.executeMutable(CaptureMutableStateBeforeExecutionStep.java:86)
		at org.gradle.internal.execution.steps.CaptureMutableStateBeforeExecutionStep.execute(CaptureMutableStateBeforeExecutionStep.java:65)
		at org.gradle.internal.execution.steps.CaptureMutableStateBeforeExecutionStep.execute(CaptureMutableStateBeforeExecutionStep.java:45)
		at org.gradle.internal.execution.steps.SkipEmptyMutableWorkStep.executeWithNonEmptySources(SkipEmptyMutableWorkStep.java:210)
		at org.gradle.internal.execution.steps.SkipEmptyMutableWorkStep.executeMutable(SkipEmptyMutableWorkStep.java:85)
		at org.gradle.internal.execution.steps.SkipEmptyMutableWorkStep.executeMutable(SkipEmptyMutableWorkStep.java:53)
		at org.gradle.internal.execution.steps.MutableStep.execute(MutableStep.java:26)
		at org.gradle.internal.execution.steps.legacy.MarkSnapshottingInputsStartedStep.execute(MarkSnapshottingInputsStartedStep.java:38)
		at org.gradle.internal.execution.steps.LoadPreviousExecutionStateStep.executeMutable(LoadPreviousExecutionStateStep.java:36)
		at org.gradle.internal.execution.steps.LoadPreviousExecutionStateStep.executeMutable(LoadPreviousExecutionStateStep.java:23)
		at org.gradle.internal.execution.steps.MutableStep.execute(MutableStep.java:26)
		at org.gradle.internal.execution.steps.HandleStaleOutputsStep.executeMutable(HandleStaleOutputsStep.java:77)
		at org.gradle.internal.execution.steps.HandleStaleOutputsStep.executeMutable(HandleStaleOutputsStep.java:43)
		at org.gradle.internal.execution.steps.MutableStep.execute(MutableStep.java:26)
		at org.gradle.internal.execution.steps.AssignMutableWorkspaceStep.lambda$executeMutable$0(AssignMutableWorkspaceStep.java:34)
		at org.gradle.api.internal.tasks.execution.TaskExecution$4.withWorkspace(TaskExecution.java:305)
		at org.gradle.internal.execution.steps.AssignMutableWorkspaceStep.executeMutable(AssignMutableWorkspaceStep.java:30)
		at org.gradle.internal.execution.steps.AssignMutableWorkspaceStep.executeMutable(AssignMutableWorkspaceStep.java:21)
		at org.gradle.internal.execution.steps.MutableStep.execute(MutableStep.java:26)
		at org.gradle.internal.execution.steps.ChoosePipelineStep.execute(ChoosePipelineStep.java:40)
		at org.gradle.internal.execution.steps.ChoosePipelineStep.execute(ChoosePipelineStep.java:23)
		at org.gradle.internal.execution.steps.ExecuteWorkBuildOperationFiringStep.lambda$execute$2(ExecuteWorkBuildOperationFiringStep.java:67)
		at java.base/java.util.Optional.orElseGet(Unknown Source)
		at org.gradle.internal.execution.steps.ExecuteWorkBuildOperationFiringStep.execute(ExecuteWorkBuildOperationFiringStep.java:67)
		at org.gradle.internal.execution.steps.ExecuteWorkBuildOperationFiringStep.execute(ExecuteWorkBuildOperationFiringStep.java:39)
		at org.gradle.internal.execution.steps.IdentityCacheStep.execute(IdentityCacheStep.java:46)
		at org.gradle.internal.execution.steps.IdentityCacheStep.execute(IdentityCacheStep.java:34)
		at org.gradle.internal.execution.steps.IdentifyStep.execute(IdentifyStep.java:56)
		at org.gradle.internal.execution.steps.IdentifyStep.execute(IdentifyStep.java:38)
		at org.gradle.internal.execution.impl.DefaultExecutionEngine$1.execute(DefaultExecutionEngine.java:68)
		at org.gradle.api.internal.tasks.execution.ExecuteActionsTaskExecuter.executeIfValid(ExecuteActionsTaskExecuter.java:132)
		at org.gradle.api.internal.tasks.execution.ExecuteActionsTaskExecuter.execute(ExecuteActionsTaskExecuter.java:121)
		at org.gradle.api.internal.tasks.execution.ProblemsTaskPathTrackingTaskExecuter.execute(ProblemsTaskPathTrackingTaskExecuter.java:41)
		at org.gradle.api.internal.tasks.execution.ResolveTaskExecutionModeExecuter.execute(ResolveTaskExecutionModeExecuter.java:51)
		at org.gradle.api.internal.tasks.execution.FinalizePropertiesTaskExecuter.execute(FinalizePropertiesTaskExecuter.java:46)
		at org.gradle.api.internal.tasks.execution.SkipTaskWithNoActionsExecuter.execute(SkipTaskWithNoActionsExecuter.java:57)
		at org.gradle.api.internal.tasks.execution.SkipOnlyIfTaskExecuter.execute(SkipOnlyIfTaskExecuter.java:74)
		at org.gradle.api.internal.tasks.execution.CatchExceptionTaskExecuter.execute(CatchExceptionTaskExecuter.java:36)
		at org.gradle.api.internal.tasks.execution.EventFiringTaskExecuter$1.executeTask(EventFiringTaskExecuter.java:77)
		at org.gradle.api.internal.tasks.execution.EventFiringTaskExecuter$1.call(EventFiringTaskExecuter.java:55)
		at org.gradle.api.internal.tasks.execution.EventFiringTaskExecuter$1.call(EventFiringTaskExecuter.java:52)
		at org.gradle.internal.operations.DefaultBuildOperationRunner$CallableBuildOperationWorker.execute(DefaultBuildOperationRunner.java:210)
		at org.gradle.internal.operations.DefaultBuildOperationRunner$CallableBuildOperationWorker.execute(DefaultBuildOperationRunner.java:205)
		at org.gradle.internal.operations.DefaultBuildOperationRunner$2.execute(DefaultBuildOperationRunner.java:67)
		at org.gradle.internal.operations.DefaultBuildOperationRunner$2.execute(DefaultBuildOperationRunner.java:60)
		at org.gradle.internal.operations.DefaultBuildOperationRunner.execute(DefaultBuildOperationRunner.java:167)
		at org.gradle.internal.operations.DefaultBuildOperationRunner.execute(DefaultBuildOperationRunner.java:60)
		at org.gradle.internal.operations.DefaultBuildOperationRunner.call(DefaultBuildOperationRunner.java:54)
		at org.gradle.api.internal.tasks.execution.EventFiringTaskExecuter.execute(EventFiringTaskExecuter.java:52)
		at org.gradle.execution.plan.DefaultNodeExecutor.executeLocalTaskNode(DefaultNodeExecutor.java:55)
		at org.gradle.execution.plan.DefaultNodeExecutor.execute(DefaultNodeExecutor.java:34)
		at org.gradle.execution.taskgraph.DefaultTaskExecutionGraph$InvokeNodeExecutorsAction.execute(DefaultTaskExecutionGraph.java:355)
		at org.gradle.execution.taskgraph.DefaultTaskExecutionGraph$InvokeNodeExecutorsAction.execute(DefaultTaskExecutionGraph.java:343)
		at org.gradle.execution.taskgraph.DefaultTaskExecutionGraph$BuildOperationAwareExecutionAction.lambda$execute$0(DefaultTaskExecutionGraph.java:339)
		at org.gradle.internal.operations.CurrentBuildOperationRef.with(CurrentBuildOperationRef.java:84)
		at org.gradle.execution.taskgraph.DefaultTaskExecutionGraph$BuildOperationAwareExecutionAction.execute(DefaultTaskExecutionGraph.java:339)
		at org.gradle.execution.taskgraph.DefaultTaskExecutionGraph$BuildOperationAwareExecutionAction.execute(DefaultTaskExecutionGraph.java:328)
		at org.gradle.execution.plan.DefaultPlanExecutor$ExecutorWorker.execute(DefaultPlanExecutor.java:459)
		at org.gradle.execution.plan.DefaultPlanExecutor$ExecutorWorker.run(DefaultPlanExecutor.java:376)
		at org.gradle.internal.concurrent.ExecutorPolicy$CatchAndRecordFailures.onExecute(ExecutorPolicy.java:64)
		at org.gradle.internal.concurrent.AbstractManagedExecutor$1.run(AbstractManagedExecutor.java:47)
		at java.base/java.util.concurrent.ThreadPoolExecutor.runWorker(Unknown Source)
		at java.base/java.util.concurrent.ThreadPoolExecutor$Worker.run(Unknown Source)
		at java.base/java.lang.Thread.run(Unknown Source)
	Suppressed: java.nio.file.AccessDeniedException: C:\Users\bhauk\Documents\projects\PeriodSaathi\app\build\intermediates\packaged_res\debug\packageDebugResources\values
		at java.base/sun.nio.fs.WindowsException.translateToIOException(Unknown Source)
		at java.base/sun.nio.fs.WindowsException.rethrowAsIOException(Unknown Source)
		at java.base/sun.nio.fs.WindowsException.rethrowAsIOException(Unknown Source)
		at java.base/sun.nio.fs.WindowsFileSystemProvider.implDelete(Unknown Source)
		at java.base/sun.nio.fs.AbstractFileSystemProvider.deleteIfExists(Unknown Source)
		at java.base/java.nio.file.Files.deleteIfExists(Unknown Source)
		at org.gradle.internal.file.impl.DefaultDeleter.deleteFile(DefaultDeleter.java:198)
		at org.gradle.internal.file.impl.DefaultDeleter.tryHardToDelete(DefaultDeleter.java:186)
		at org.gradle.internal.file.impl.DefaultDeleter.deleteRecursively(DefaultDeleter.java:143)
		at org.gradle.internal.file.impl.DefaultDeleter.deleteRecursively(DefaultDeleter.java:134)
		at org.gradle.internal.file.impl.DefaultDeleter.deleteRecursively(DefaultDeleter.java:115)
		at org.gradle.internal.file.impl.DefaultDeleter.ensureEmptyDirectory(DefaultDeleter.java:90)
		at org.gradle.internal.file.impl.DefaultDeleter.ensureEmptyDirectory(DefaultDeleter.java:82)
		at org.gradle.internal.execution.steps.RemovePreviousOutputsStep$2.visitOutputProperty(RemovePreviousOutputsStep.java:121)
		at org.gradle.api.internal.tasks.execution.TaskExecution.visitOutputs(TaskExecution.java:365)
		at org.gradle.internal.execution.steps.RemovePreviousOutputsStep.cleanupExclusivelyOwnedOutputs(RemovePreviousOutputsStep.java:110)
		at org.gradle.internal.execution.steps.RemovePreviousOutputsStep.executeMutable(RemovePreviousOutputsStep.java:63)
		at org.gradle.internal.execution.steps.RemovePreviousOutputsStep.executeMutable(RemovePreviousOutputsStep.java:39)
		at org.gradle.internal.execution.steps.MutableStep.execute(MutableStep.java:26)
		at org.gradle.internal.execution.steps.BroadcastChangingOutputsStep.execute(BroadcastChangingOutputsStep.java:42)
		at org.gradle.internal.execution.steps.BroadcastChangingOutputsStep.execute(BroadcastChangingOutputsStep.java:24)
		at org.gradle.internal.execution.steps.CaptureOutputsAfterExecutionStep.execute(CaptureOutputsAfterExecutionStep.java:69)
		at org.gradle.internal.execution.steps.CaptureOutputsAfterExecutionStep.execute(CaptureOutputsAfterExecutionStep.java:46)
		at org.gradle.internal.execution.steps.ResolveInputChangesStep.executeMutable(ResolveInputChangesStep.java:39)
		at org.gradle.internal.execution.steps.ResolveInputChangesStep.executeMutable(ResolveInputChangesStep.java:28)
		at org.gradle.internal.execution.steps.MutableStep.execute(MutableStep.java:26)
		at org.gradle.internal.execution.steps.BuildCacheStep.executeWithoutCache(BuildCacheStep.java:189)
		at org.gradle.internal.execution.steps.BuildCacheStep.lambda$execute$1(BuildCacheStep.java:76)
		at org.gradle.internal.Either$Right.fold(Either.java:176)
		at org.gradle.internal.execution.caching.CachingState.fold(CachingState.java:62)
		at org.gradle.internal.execution.steps.BuildCacheStep.execute(BuildCacheStep.java:74)
		at org.gradle.internal.execution.steps.BuildCacheStep.execute(BuildCacheStep.java:49)
		at org.gradle.internal.execution.steps.StoreExecutionStateStep.executeMutable(StoreExecutionStateStep.java:46)
		at org.gradle.internal.execution.steps.StoreExecutionStateStep.executeMutable(StoreExecutionStateStep.java:35)
		at org.gradle.internal.execution.steps.MutableStep.execute(MutableStep.java:26)
		at org.gradle.internal.execution.steps.SkipUpToDateStep.executeBecause(SkipUpToDateStep.java:75)
		at org.gradle.internal.execution.steps.SkipUpToDateStep.lambda$execute$2(SkipUpToDateStep.java:53)
		at java.base/java.util.Optional.orElseGet(Unknown Source)
		at org.gradle.internal.execution.steps.SkipUpToDateStep.execute(SkipUpToDateStep.java:53)
		at org.gradle.internal.execution.steps.SkipUpToDateStep.execute(SkipUpToDateStep.java:35)
		at org.gradle.internal.execution.steps.legacy.MarkSnapshottingInputsFinishedStep.execute(MarkSnapshottingInputsFinishedStep.java:37)
		at org.gradle.internal.execution.steps.legacy.MarkSnapshottingInputsFinishedStep.execute(MarkSnapshottingInputsFinishedStep.java:27)
		at org.gradle.internal.execution.steps.ResolveMutableCachingStateStep.executeDelegate(ResolveMutableCachingStateStep.java:70)
		at org.gradle.internal.execution.steps.ResolveMutableCachingStateStep.executeDelegate(ResolveMutableCachingStateStep.java:32)
		at org.gradle.internal.execution.steps.AbstractResolveCachingStateStep.execute(AbstractResolveCachingStateStep.java:69)
		at org.gradle.internal.execution.steps.AbstractResolveCachingStateStep.execute(AbstractResolveCachingStateStep.java:37)
		at org.gradle.internal.execution.steps.ResolveChangesStep.executeMutable(ResolveChangesStep.java:63)
		at org.gradle.internal.execution.steps.ResolveChangesStep.executeMutable(ResolveChangesStep.java:34)
		at org.gradle.internal.execution.steps.MutableStep.execute(MutableStep.java:26)
		at org.gradle.internal.execution.steps.ValidateStep$Mutable.executeDelegate(ValidateStep.java:79)
		at org.gradle.internal.execution.steps.ValidateStep$Mutable.executeDelegate(ValidateStep.java:65)
		at org.gradle.internal.execution.steps.ValidateStep.execute(ValidateStep.java:99)
		at org.gradle.internal.execution.steps.ValidateStep$Mutable.execute(ValidateStep.java:65)
		at org.gradle.internal.execution.steps.CaptureMutableStateBeforeExecutionStep.executeMutable(CaptureMutableStateBeforeExecutionStep.java:86)
		at org.gradle.internal.execution.steps.CaptureMutableStateBeforeExecutionStep.execute(CaptureMutableStateBeforeExecutionStep.java:65)
		at org.gradle.internal.execution.steps.CaptureMutableStateBeforeExecutionStep.execute(CaptureMutableStateBeforeExecutionStep.java:45)
		at org.gradle.internal.execution.steps.SkipEmptyMutableWorkStep.executeWithNonEmptySources(SkipEmptyMutableWorkStep.java:210)
		at org.gradle.internal.execution.steps.SkipEmptyMutableWorkStep.executeMutable(SkipEmptyMutableWorkStep.java:85)
		at org.gradle.internal.execution.steps.SkipEmptyMutableWorkStep.executeMutable(SkipEmptyMutableWorkStep.java:53)
		at org.gradle.internal.execution.steps.MutableStep.execute(MutableStep.java:26)
		at org.gradle.internal.execution.steps.legacy.MarkSnapshottingInputsStartedStep.execute(MarkSnapshottingInputsStartedStep.java:38)
		at org.gradle.internal.execution.steps.LoadPreviousExecutionStateStep.executeMutable(LoadPreviousExecutionStateStep.java:36)
		at org.gradle.internal.execution.steps.LoadPreviousExecutionStateStep.executeMutable(LoadPreviousExecutionStateStep.java:23)
		at org.gradle.internal.execution.steps.MutableStep.execute(MutableStep.java:26)
		at org.gradle.internal.execution.steps.HandleStaleOutputsStep.executeMutable(HandleStaleOutputsStep.java:77)
		at org.gradle.internal.execution.steps.HandleStaleOutputsStep.executeMutable(HandleStaleOutputsStep.java:43)
		at org.gradle.internal.execution.steps.MutableStep.execute(MutableStep.java:26)
		at org.gradle.internal.execution.steps.AssignMutableWorkspaceStep.lambda$executeMutable$0(AssignMutableWorkspaceStep.java:34)
		at org.gradle.api.internal.tasks.execution.TaskExecution$4.withWorkspace(TaskExecution.java:305)
		at org.gradle.internal.execution.steps.AssignMutableWorkspaceStep.executeMutable(AssignMutableWorkspaceStep.java:30)
		at org.gradle.internal.execution.steps.AssignMutableWorkspaceStep.executeMutable(AssignMutableWorkspaceStep.java:21)
		at org.gradle.internal.execution.steps.MutableStep.execute(MutableStep.java:26)
		at org.gradle.internal.execution.steps.ChoosePipelineStep.execute(ChoosePipelineStep.java:40)
		at org.gradle.internal.execution.steps.ChoosePipelineStep.execute(ChoosePipelineStep.java:23)
		at org.gradle.internal.execution.steps.ExecuteWorkBuildOperationFiringStep.lambda$execute$2(ExecuteWorkBuildOperationFiringStep.java:67)
		at java.base/java.util.Optional.orElseGet(Unknown Source)
		at org.gradle.internal.execution.steps.ExecuteWorkBuildOperationFiringStep.execute(ExecuteWorkBuildOperationFiringStep.java:67)
		at org.gradle.internal.execution.steps.ExecuteWorkBuildOperationFiringStep.execute(ExecuteWorkBuildOperationFiringStep.java:39)
		at org.gradle.internal.execution.steps.IdentityCacheStep.execute(IdentityCacheStep.java:46)
		at org.gradle.internal.execution.steps.IdentityCacheStep.execute(IdentityCacheStep.java:34)
		at org.gradle.internal.execution.steps.IdentifyStep.execute(IdentifyStep.java:56)
		at org.gradle.internal.execution.steps.IdentifyStep.execute(IdentifyStep.java:38)
		at org.gradle.internal.execution.impl.DefaultExecutionEngine$1.execute(DefaultExecutionEngine.java:68)
		at org.gradle.api.internal.tasks.execution.ExecuteActionsTaskExecuter.executeIfValid(ExecuteActionsTaskExecuter.java:132)
		at org.gradle.api.internal.tasks.execution.ExecuteActionsTaskExecuter.execute(ExecuteActionsTaskExecuter.java:121)
		at org.gradle.api.internal.tasks.execution.ProblemsTaskPathTrackingTaskExecuter.execute(ProblemsTaskPathTrackingTaskExecuter.java:41)
		at org.gradle.api.internal.tasks.execution.ResolveTaskExecutionModeExecuter.execute(ResolveTaskExecutionModeExecuter.java:51)
		at org.gradle.api.internal.tasks.execution.FinalizePropertiesTaskExecuter.execute(FinalizePropertiesTaskExecuter.java:46)
		at org.gradle.api.internal.tasks.execution.SkipTaskWithNoActionsExecuter.execute(SkipTaskWithNoActionsExecuter.java:57)
		at org.gradle.api.internal.tasks.execution.SkipOnlyIfTaskExecuter.execute(SkipOnlyIfTaskExecuter.java:74)
		at org.gradle.api.internal.tasks.execution.CatchExceptionTaskExecuter.execute(CatchExceptionTaskExecuter.java:36)
		at org.gradle.api.internal.tasks.execution.EventFiringTaskExecuter$1.executeTask(EventFiringTaskExecuter.java:77)
		at org.gradle.api.internal.tasks.execution.EventFiringTaskExecuter$1.call(EventFiringTaskExecuter.java:55)
		at org.gradle.api.internal.tasks.execution.EventFiringTaskExecuter$1.call(EventFiringTaskExecuter.java:52)
		at org.gradle.internal.operations.DefaultBuildOperationRunner$CallableBuildOperationWorker.execute(DefaultBuildOperationRunner.java:210)
		at org.gradle.internal.operations.DefaultBuildOperationRunner$CallableBuildOperationWorker.execute(DefaultBuildOperationRunner.java:205)
		at org.gradle.internal.operations.DefaultBuildOperationRunner$2.execute(DefaultBuildOperationRunner.java:67)
		at org.gradle.internal.operations.DefaultBuildOperationRunner$2.execute(DefaultBuildOperationRunner.java:60)
		at org.gradle.internal.operations.DefaultBuildOperationRunner.execute(DefaultBuildOperationRunner.java:167)
		at org.gradle.internal.operations.DefaultBuildOperationRunner.execute(DefaultBuildOperationRunner.java:60)
		at org.gradle.internal.operations.DefaultBuildOperationRunner.call(DefaultBuildOperationRunner.java:54)
		at org.gradle.api.internal.tasks.execution.EventFiringTaskExecuter.execute(EventFiringTaskExecuter.java:52)
		at org.gradle.execution.plan.DefaultNodeExecutor.executeLocalTaskNode(DefaultNodeExecutor.java:55)
		at org.gradle.execution.plan.DefaultNodeExecutor.execute(DefaultNodeExecutor.java:34)
		at org.gradle.execution.taskgraph.DefaultTaskExecutionGraph$InvokeNodeExecutorsAction.execute(DefaultTaskExecutionGraph.java:355)
		at org.gradle.execution.taskgraph.DefaultTaskExecutionGraph$InvokeNodeExecutorsAction.execute(DefaultTaskExecutionGraph.java:343)
		at org.gradle.execution.taskgraph.DefaultTaskExecutionGraph$BuildOperationAwareExecutionAction.lambda$execute$0(DefaultTaskExecutionGraph.java:339)
		at org.gradle.internal.operations.CurrentBuildOperationRef.with(CurrentBuildOperationRef.java:84)
		at org.gradle.execution.taskgraph.DefaultTaskExecutionGraph$BuildOperationAwareExecutionAction.execute(DefaultTaskExecutionGraph.java:339)
		at org.gradle.execution.taskgraph.DefaultTaskExecutionGraph$BuildOperationAwareExecutionAction.execute(DefaultTaskExecutionGraph.java:328)
		at org.gradle.execution.plan.DefaultPlanExecutor$ExecutorWorker.execute(DefaultPlanExecutor.java:459)
		at org.gradle.execution.plan.DefaultPlanExecutor$ExecutorWorker.run(DefaultPlanExecutor.java:376)
		at org.gradle.internal.concurrent.ExecutorPolicy$CatchAndRecordFailures.onExecute(ExecutorPolicy.java:64)
		at org.gradle.internal.concurrent.AbstractManagedExecutor$1.run(AbstractManagedExecutor.java:47)
		at java.base/java.util.concurrent.ThreadPoolExecutor.runWorker(Unknown Source)
		at java.base/java.util.concurrent.ThreadPoolExecutor$Worker.run(Unknown Source)
		at java.base/java.lang.Thread.run(Unknown Source)
	Suppressed: java.nio.file.AccessDeniedException: C:\Users\bhauk\Documents\projects\PeriodSaathi\app\build\intermediates\packaged_res\debug\packageDebugResources\values-hi
		at java.base/sun.nio.fs.WindowsException.translateToIOException(Unknown Source)
		at java.base/sun.nio.fs.WindowsException.rethrowAsIOException(Unknown Source)
		at java.base/sun.nio.fs.WindowsException.rethrowAsIOException(Unknown Source)
		at java.base/sun.nio.fs.WindowsFileSystemProvider.implDelete(Unknown Source)
		at java.base/sun.nio.fs.AbstractFileSystemProvider.deleteIfExists(Unknown Source)
		at java.base/java.nio.file.Files.deleteIfExists(Unknown Source)
		at org.gradle.internal.file.impl.DefaultDeleter.deleteFile(DefaultDeleter.java:198)
		at org.gradle.internal.file.impl.DefaultDeleter.tryHardToDelete(DefaultDeleter.java:186)
		at org.gradle.internal.file.impl.DefaultDeleter.deleteRecursively(DefaultDeleter.java:143)
		at org.gradle.internal.file.impl.DefaultDeleter.deleteRecursively(DefaultDeleter.java:134)
		at org.gradle.internal.file.impl.DefaultDeleter.deleteRecursively(DefaultDeleter.java:115)
		at org.gradle.internal.file.impl.DefaultDeleter.ensureEmptyDirectory(DefaultDeleter.java:90)
		at org.gradle.internal.file.impl.DefaultDeleter.ensureEmptyDirectory(DefaultDeleter.java:82)
		at org.gradle.internal.execution.steps.RemovePreviousOutputsStep$2.visitOutputProperty(RemovePreviousOutputsStep.java:121)
		at org.gradle.api.internal.tasks.execution.TaskExecution.visitOutputs(TaskExecution.java:365)
		at org.gradle.internal.execution.steps.RemovePreviousOutputsStep.cleanupExclusivelyOwnedOutputs(RemovePreviousOutputsStep.java:110)
		at org.gradle.internal.execution.steps.RemovePreviousOutputsStep.executeMutable(RemovePreviousOutputsStep.java:63)
		at org.gradle.internal.execution.steps.RemovePreviousOutputsStep.executeMutable(RemovePreviousOutputsStep.java:39)
		at org.gradle.internal.execution.steps.MutableStep.execute(MutableStep.java:26)
		at org.gradle.internal.execution.steps.BroadcastChangingOutputsStep.execute(BroadcastChangingOutputsStep.java:42)
		at org.gradle.internal.execution.steps.BroadcastChangingOutputsStep.execute(BroadcastChangingOutputsStep.java:24)
		at org.gradle.internal.execution.steps.CaptureOutputsAfterExecutionStep.execute(CaptureOutputsAfterExecutionStep.java:69)
		at org.gradle.internal.execution.steps.CaptureOutputsAfterExecutionStep.execute(CaptureOutputsAfterExecutionStep.java:46)
		at org.gradle.internal.execution.steps.ResolveInputChangesStep.executeMutable(ResolveInputChangesStep.java:39)
		at org.gradle.internal.execution.steps.ResolveInputChangesStep.executeMutable(ResolveInputChangesStep.java:28)
		at org.gradle.internal.execution.steps.MutableStep.execute(MutableStep.java:26)
		at org.gradle.internal.execution.steps.BuildCacheStep.executeWithoutCache(BuildCacheStep.java:189)
		at org.gradle.internal.execution.steps.BuildCacheStep.lambda$execute$1(BuildCacheStep.java:76)
		at org.gradle.internal.Either$Right.fold(Either.java:176)
		at org.gradle.internal.execution.caching.CachingState.fold(CachingState.java:62)
		at org.gradle.internal.execution.steps.BuildCacheStep.execute(BuildCacheStep.java:74)
		at org.gradle.internal.execution.steps.BuildCacheStep.execute(BuildCacheStep.java:49)
		at org.gradle.internal.execution.steps.StoreExecutionStateStep.executeMutable(StoreExecutionStateStep.java:46)
		at org.gradle.internal.execution.steps.StoreExecutionStateStep.executeMutable(StoreExecutionStateStep.java:35)
		at org.gradle.internal.execution.steps.MutableStep.execute(MutableStep.java:26)
		at org.gradle.internal.execution.steps.SkipUpToDateStep.executeBecause(SkipUpToDateStep.java:75)
		at org.gradle.internal.execution.steps.SkipUpToDateStep.lambda$execute$2(SkipUpToDateStep.java:53)
		at java.base/java.util.Optional.orElseGet(Unknown Source)
		at org.gradle.internal.execution.steps.SkipUpToDateStep.execute(SkipUpToDateStep.java:53)
		at org.gradle.internal.execution.steps.SkipUpToDateStep.execute(SkipUpToDateStep.java:35)
		at org.gradle.internal.execution.steps.legacy.MarkSnapshottingInputsFinishedStep.execute(MarkSnapshottingInputsFinishedStep.java:37)
		at org.gradle.internal.execution.steps.legacy.MarkSnapshottingInputsFinishedStep.execute(MarkSnapshottingInputsFinishedStep.java:27)
		at org.gradle.internal.execution.steps.ResolveMutableCachingStateStep.executeDelegate(ResolveMutableCachingStateStep.java:70)
		at org.gradle.internal.execution.steps.ResolveMutableCachingStateStep.executeDelegate(ResolveMutableCachingStateStep.java:32)
		at org.gradle.internal.execution.steps.AbstractResolveCachingStateStep.execute(AbstractResolveCachingStateStep.java:69)
		at org.gradle.internal.execution.steps.AbstractResolveCachingStateStep.execute(AbstractResolveCachingStateStep.java:37)
		at org.gradle.internal.execution.steps.ResolveChangesStep.executeMutable(ResolveChangesStep.java:63)
		at org.gradle.internal.execution.steps.ResolveChangesStep.executeMutable(ResolveChangesStep.java:34)
		at org.gradle.internal.execution.steps.MutableStep.execute(MutableStep.java:26)
		at org.gradle.internal.execution.steps.ValidateStep$Mutable.executeDelegate(ValidateStep.java:79)
		at org.gradle.internal.execution.steps.ValidateStep$Mutable.executeDelegate(ValidateStep.java:65)
		at org.gradle.internal.execution.steps.ValidateStep.execute(ValidateStep.java:99)
		at org.gradle.internal.execution.steps.ValidateStep$Mutable.execute(ValidateStep.java:65)
		at org.gradle.internal.execution.steps.CaptureMutableStateBeforeExecutionStep.executeMutable(CaptureMutableStateBeforeExecutionStep.java:86)
		at org.gradle.internal.execution.steps.CaptureMutableStateBeforeExecutionStep.execute(CaptureMutableStateBeforeExecutionStep.java:65)
		at org.gradle.internal.execution.steps.CaptureMutableStateBeforeExecutionStep.execute(CaptureMutableStateBeforeExecutionStep.java:45)
		at org.gradle.internal.execution.steps.SkipEmptyMutableWorkStep.executeWithNonEmptySources(SkipEmptyMutableWorkStep.java:210)
		at org.gradle.internal.execution.steps.SkipEmptyMutableWorkStep.executeMutable(SkipEmptyMutableWorkStep.java:85)
		at org.gradle.internal.execution.steps.SkipEmptyMutableWorkStep.executeMutable(SkipEmptyMutableWorkStep.java:53)
		at org.gradle.internal.execution.steps.MutableStep.execute(MutableStep.java:26)
		at org.gradle.internal.execution.steps.legacy.MarkSnapshottingInputsStartedStep.execute(MarkSnapshottingInputsStartedStep.java:38)
		at org.gradle.internal.execution.steps.LoadPreviousExecutionStateStep.executeMutable(LoadPreviousExecutionStateStep.java:36)
		at org.gradle.internal.execution.steps.LoadPreviousExecutionStateStep.executeMutable(LoadPreviousExecutionStateStep.java:23)
		at org.gradle.internal.execution.steps.MutableStep.execute(MutableStep.java:26)
		at org.gradle.internal.execution.steps.HandleStaleOutputsStep.executeMutable(HandleStaleOutputsStep.java:77)
		at org.gradle.internal.execution.steps.HandleStaleOutputsStep.executeMutable(HandleStaleOutputsStep.java:43)
		at org.gradle.internal.execution.steps.MutableStep.execute(MutableStep.java:26)
		at org.gradle.internal.execution.steps.AssignMutableWorkspaceStep.lambda$executeMutable$0(AssignMutableWorkspaceStep.java:34)
		at org.gradle.api.internal.tasks.execution.TaskExecution$4.withWorkspace(TaskExecution.java:305)
		at org.gradle.internal.execution.steps.AssignMutableWorkspaceStep.executeMutable(AssignMutableWorkspaceStep.java:30)
		at org.gradle.internal.execution.steps.AssignMutableWorkspaceStep.executeMutable(AssignMutableWorkspaceStep.java:21)
		at org.gradle.internal.execution.steps.MutableStep.execute(MutableStep.java:26)
		at org.gradle.internal.execution.steps.ChoosePipelineStep.execute(ChoosePipelineStep.java:40)
		at org.gradle.internal.execution.steps.ChoosePipelineStep.execute(ChoosePipelineStep.java:23)
		at org.gradle.internal.execution.steps.ExecuteWorkBuildOperationFiringStep.lambda$execute$2(ExecuteWorkBuildOperationFiringStep.java:67)
		at java.base/java.util.Optional.orElseGet(Unknown Source)
		at org.gradle.internal.execution.steps.ExecuteWorkBuildOperationFiringStep.execute(ExecuteWorkBuildOperationFiringStep.java:67)
		at org.gradle.internal.execution.steps.ExecuteWorkBuildOperationFiringStep.execute(ExecuteWorkBuildOperationFiringStep.java:39)
		at org.gradle.internal.execution.steps.IdentityCacheStep.execute(IdentityCacheStep.java:46)
		at org.gradle.internal.execution.steps.IdentityCacheStep.execute(IdentityCacheStep.java:34)
		at org.gradle.internal.execution.steps.IdentifyStep.execute(IdentifyStep.java:56)
		at org.gradle.internal.execution.steps.IdentifyStep.execute(IdentifyStep.java:38)
		at org.gradle.internal.execution.impl.DefaultExecutionEngine$1.execute(DefaultExecutionEngine.java:68)
		at org.gradle.api.internal.tasks.execution.ExecuteActionsTaskExecuter.executeIfValid(ExecuteActionsTaskExecuter.java:132)
		at org.gradle.api.internal.tasks.execution.ExecuteActionsTaskExecuter.execute(ExecuteActionsTaskExecuter.java:121)
		at org.gradle.api.internal.tasks.execution.ProblemsTaskPathTrackingTaskExecuter.execute(ProblemsTaskPathTrackingTaskExecuter.java:41)
		at org.gradle.api.internal.tasks.execution.ResolveTaskExecutionModeExecuter.execute(ResolveTaskExecutionModeExecuter.java:51)
		at org.gradle.api.internal.tasks.execution.FinalizePropertiesTaskExecuter.execute(FinalizePropertiesTaskExecuter.java:46)
		at org.gradle.api.internal.tasks.execution.SkipTaskWithNoActionsExecuter.execute(SkipTaskWithNoActionsExecuter.java:57)
		at org.gradle.api.internal.tasks.execution.SkipOnlyIfTaskExecuter.execute(SkipOnlyIfTaskExecuter.java:74)
		at org.gradle.api.internal.tasks.execution.CatchExceptionTaskExecuter.execute(CatchExceptionTaskExecuter.java:36)
		at org.gradle.api.internal.tasks.execution.EventFiringTaskExecuter$1.executeTask(EventFiringTaskExecuter.java:77)
		at org.gradle.api.internal.tasks.execution.EventFiringTaskExecuter$1.call(EventFiringTaskExecuter.java:55)
		at org.gradle.api.internal.tasks.execution.EventFiringTaskExecuter$1.call(EventFiringTaskExecuter.java:52)
		at org.gradle.internal.operations.DefaultBuildOperationRunner$CallableBuildOperationWorker.execute(DefaultBuildOperationRunner.java:210)
		at org.gradle.internal.operations.DefaultBuildOperationRunner$CallableBuildOperationWorker.execute(DefaultBuildOperationRunner.java:205)
		at org.gradle.internal.operations.DefaultBuildOperationRunner$2.execute(DefaultBuildOperationRunner.java:67)
		at org.gradle.internal.operations.DefaultBuildOperationRunner$2.execute(DefaultBuildOperationRunner.java:60)
		at org.gradle.internal.operations.DefaultBuildOperationRunner.execute(DefaultBuildOperationRunner.java:167)
		at org.gradle.internal.operations.DefaultBuildOperationRunner.execute(DefaultBuildOperationRunner.java:60)
		at org.gradle.internal.operations.DefaultBuildOperationRunner.call(DefaultBuildOperationRunner.java:54)
		at org.gradle.api.internal.tasks.execution.EventFiringTaskExecuter.execute(EventFiringTaskExecuter.java:52)
		at org.gradle.execution.plan.DefaultNodeExecutor.executeLocalTaskNode(DefaultNodeExecutor.java:55)
		at org.gradle.execution.plan.DefaultNodeExecutor.execute(DefaultNodeExecutor.java:34)
		at org.gradle.execution.taskgraph.DefaultTaskExecutionGraph$InvokeNodeExecutorsAction.execute(DefaultTaskExecutionGraph.java:355)
		at org.gradle.execution.taskgraph.DefaultTaskExecutionGraph$InvokeNodeExecutorsAction.execute(DefaultTaskExecutionGraph.java:343)
		at org.gradle.execution.taskgraph.DefaultTaskExecutionGraph$BuildOperationAwareExecutionAction.lambda$execute$0(DefaultTaskExecutionGraph.java:339)
		at org.gradle.internal.operations.CurrentBuildOperationRef.with(CurrentBuildOperationRef.java:84)
		at org.gradle.execution.taskgraph.DefaultTaskExecutionGraph$BuildOperationAwareExecutionAction.execute(DefaultTaskExecutionGraph.java:339)
		at org.gradle.execution.taskgraph.DefaultTaskExecutionGraph$BuildOperationAwareExecutionAction.execute(DefaultTaskExecutionGraph.java:328)
		at org.gradle.execution.plan.DefaultPlanExecutor$ExecutorWorker.execute(DefaultPlanExecutor.java:459)
		at org.gradle.execution.plan.DefaultPlanExecutor$ExecutorWorker.run(DefaultPlanExecutor.java:376)
		at org.gradle.internal.concurrent.ExecutorPolicy$CatchAndRecordFailures.onExecute(ExecutorPolicy.java:64)
		at org.gradle.internal.concurrent.AbstractManagedExecutor$1.run(AbstractManagedExecutor.java:47)
		at java.base/java.util.concurrent.ThreadPoolExecutor.runWorker(Unknown Source)
		at java.base/java.util.concurrent.ThreadPoolExecutor$Worker.run(Unknown Source)
		at java.base/java.lang.Thread.run(Unknown Source)
	Suppressed: java.nio.file.AccessDeniedException: C:\Users\bhauk\Documents\projects\PeriodSaathi\app\build\intermediates\packaged_res\debug\packageDebugResources\xml
		at java.base/sun.nio.fs.WindowsException.translateToIOException(Unknown Source)
		at java.base/sun.nio.fs.WindowsException.rethrowAsIOException(Unknown Source)
		at java.base/sun.nio.fs.WindowsException.rethrowAsIOException(Unknown Source)
		at java.base/sun.nio.fs.WindowsFileSystemProvider.implDelete(Unknown Source)
		at java.base/sun.nio.fs.AbstractFileSystemProvider.deleteIfExists(Unknown Source)
		at java.base/java.nio.file.Files.deleteIfExists(Unknown Source)
		at org.gradle.internal.file.impl.DefaultDeleter.deleteFile(DefaultDeleter.java:198)
		at org.gradle.internal.file.impl.DefaultDeleter.tryHardToDelete(DefaultDeleter.java:186)
		at org.gradle.internal.file.impl.DefaultDeleter.deleteRecursively(DefaultDeleter.java:143)
		at org.gradle.internal.file.impl.DefaultDeleter.deleteRecursively(DefaultDeleter.java:134)
		at org.gradle.internal.file.impl.DefaultDeleter.deleteRecursively(DefaultDeleter.java:115)
		at org.gradle.internal.file.impl.DefaultDeleter.ensureEmptyDirectory(DefaultDeleter.java:90)
		at org.gradle.internal.file.impl.DefaultDeleter.ensureEmptyDirectory(DefaultDeleter.java:82)
		at org.gradle.internal.execution.steps.RemovePreviousOutputsStep$2.visitOutputProperty(RemovePreviousOutputsStep.java:121)
		at org.gradle.api.internal.tasks.execution.TaskExecution.visitOutputs(TaskExecution.java:365)
		at org.gradle.internal.execution.steps.RemovePreviousOutputsStep.cleanupExclusivelyOwnedOutputs(RemovePreviousOutputsStep.java:110)
		at org.gradle.internal.execution.steps.RemovePreviousOutputsStep.executeMutable(RemovePreviousOutputsStep.java:63)
		at org.gradle.internal.execution.steps.RemovePreviousOutputsStep.executeMutable(RemovePreviousOutputsStep.java:39)
		at org.gradle.internal.execution.steps.MutableStep.execute(MutableStep.java:26)
		at org.gradle.internal.execution.steps.BroadcastChangingOutputsStep.execute(BroadcastChangingOutputsStep.java:42)
		at org.gradle.internal.execution.steps.BroadcastChangingOutputsStep.execute(BroadcastChangingOutputsStep.java:24)
		at org.gradle.internal.execution.steps.CaptureOutputsAfterExecutionStep.execute(CaptureOutputsAfterExecutionStep.java:69)
		at org.gradle.internal.execution.steps.CaptureOutputsAfterExecutionStep.execute(CaptureOutputsAfterExecutionStep.java:46)
		at org.gradle.internal.execution.steps.ResolveInputChangesStep.executeMutable(ResolveInputChangesStep.java:39)
		at org.gradle.internal.execution.steps.ResolveInputChangesStep.executeMutable(ResolveInputChangesStep.java:28)
		at org.gradle.internal.execution.steps.MutableStep.execute(MutableStep.java:26)
		at org.gradle.internal.execution.steps.BuildCacheStep.executeWithoutCache(BuildCacheStep.java:189)
		at org.gradle.internal.execution.steps.BuildCacheStep.lambda$execute$1(BuildCacheStep.java:76)
		at org.gradle.internal.Either$Right.fold(Either.java:176)
		at org.gradle.internal.execution.caching.CachingState.fold(CachingState.java:62)
		at org.gradle.internal.execution.steps.BuildCacheStep.execute(BuildCacheStep.java:74)
		at org.gradle.internal.execution.steps.BuildCacheStep.execute(BuildCacheStep.java:49)
		at org.gradle.internal.execution.steps.StoreExecutionStateStep.executeMutable(StoreExecutionStateStep.java:46)
		at org.gradle.internal.execution.steps.StoreExecutionStateStep.executeMutable(StoreExecutionStateStep.java:35)
		at org.gradle.internal.execution.steps.MutableStep.execute(MutableStep.java:26)
		at org.gradle.internal.execution.steps.SkipUpToDateStep.executeBecause(SkipUpToDateStep.java:75)
		at org.gradle.internal.execution.steps.SkipUpToDateStep.lambda$execute$2(SkipUpToDateStep.java:53)
		at java.base/java.util.Optional.orElseGet(Unknown Source)
		at org.gradle.internal.execution.steps.SkipUpToDateStep.execute(SkipUpToDateStep.java:53)
		at org.gradle.internal.execution.steps.SkipUpToDateStep.execute(SkipUpToDateStep.java:35)
		at org.gradle.internal.execution.steps.legacy.MarkSnapshottingInputsFinishedStep.execute(MarkSnapshottingInputsFinishedStep.java:37)
		at org.gradle.internal.execution.steps.legacy.MarkSnapshottingInputsFinishedStep.execute(MarkSnapshottingInputsFinishedStep.java:27)
		at org.gradle.internal.execution.steps.ResolveMutableCachingStateStep.executeDelegate(ResolveMutableCachingStateStep.java:70)
		at org.gradle.internal.execution.steps.ResolveMutableCachingStateStep.executeDelegate(ResolveMutableCachingStateStep.java:32)
		at org.gradle.internal.execution.steps.AbstractResolveCachingStateStep.execute(AbstractResolveCachingStateStep.java:69)
		at org.gradle.internal.execution.steps.AbstractResolveCachingStateStep.execute(AbstractResolveCachingStateStep.java:37)
		at org.gradle.internal.execution.steps.ResolveChangesStep.executeMutable(ResolveChangesStep.java:63)
		at org.gradle.internal.execution.steps.ResolveChangesStep.executeMutable(ResolveChangesStep.java:34)
		at org.gradle.internal.execution.steps.MutableStep.execute(MutableStep.java:26)
		at org.gradle.internal.execution.steps.ValidateStep$Mutable.executeDelegate(ValidateStep.java:79)
		at org.gradle.internal.execution.steps.ValidateStep$Mutable.executeDelegate(ValidateStep.java:65)
		at org.gradle.internal.execution.steps.ValidateStep.execute(ValidateStep.java:99)
		at org.gradle.internal.execution.steps.ValidateStep$Mutable.execute(ValidateStep.java:65)
		at org.gradle.internal.execution.steps.CaptureMutableStateBeforeExecutionStep.executeMutable(CaptureMutableStateBeforeExecutionStep.java:86)
		at org.gradle.internal.execution.steps.CaptureMutableStateBeforeExecutionStep.execute(CaptureMutableStateBeforeExecutionStep.java:65)
		at org.gradle.internal.execution.steps.CaptureMutableStateBeforeExecutionStep.execute(CaptureMutableStateBeforeExecutionStep.java:45)
		at org.gradle.internal.execution.steps.SkipEmptyMutableWorkStep.executeWithNonEmptySources(SkipEmptyMutableWorkStep.java:210)
		at org.gradle.internal.execution.steps.SkipEmptyMutableWorkStep.executeMutable(SkipEmptyMutableWorkStep.java:85)
		at org.gradle.internal.execution.steps.SkipEmptyMutableWorkStep.executeMutable(SkipEmptyMutableWorkStep.java:53)
		at org.gradle.internal.execution.steps.MutableStep.execute(MutableStep.java:26)
		at org.gradle.internal.execution.steps.legacy.MarkSnapshottingInputsStartedStep.execute(MarkSnapshottingInputsStartedStep.java:38)
		at org.gradle.internal.execution.steps.LoadPreviousExecutionStateStep.executeMutable(LoadPreviousExecutionStateStep.java:36)
		at org.gradle.internal.execution.steps.LoadPreviousExecutionStateStep.executeMutable(LoadPreviousExecutionStateStep.java:23)
		at org.gradle.internal.execution.steps.MutableStep.execute(MutableStep.java:26)
		at org.gradle.internal.execution.steps.HandleStaleOutputsStep.executeMutable(HandleStaleOutputsStep.java:77)
		at org.gradle.internal.execution.steps.HandleStaleOutputsStep.executeMutable(HandleStaleOutputsStep.java:43)
		at org.gradle.internal.execution.steps.MutableStep.execute(MutableStep.java:26)
		at org.gradle.internal.execution.steps.AssignMutableWorkspaceStep.lambda$executeMutable$0(AssignMutableWorkspaceStep.java:34)
		at org.gradle.api.internal.tasks.execution.TaskExecution$4.withWorkspace(TaskExecution.java:305)
		at org.gradle.internal.execution.steps.AssignMutableWorkspaceStep.executeMutable(AssignMutableWorkspaceStep.java:30)
		at org.gradle.internal.execution.steps.AssignMutableWorkspaceStep.executeMutable(AssignMutableWorkspaceStep.java:21)
		at org.gradle.internal.execution.steps.MutableStep.execute(MutableStep.java:26)
		at org.gradle.internal.execution.steps.ChoosePipelineStep.execute(ChoosePipelineStep.java:40)
		at org.gradle.internal.execution.steps.ChoosePipelineStep.execute(ChoosePipelineStep.java:23)
		at org.gradle.internal.execution.steps.ExecuteWorkBuildOperationFiringStep.lambda$execute$2(ExecuteWorkBuildOperationFiringStep.java:67)
		at java.base/java.util.Optional.orElseGet(Unknown Source)
		at org.gradle.internal.execution.steps.ExecuteWorkBuildOperationFiringStep.execute(ExecuteWorkBuildOperationFiringStep.java:67)
		at org.gradle.internal.execution.steps.ExecuteWorkBuildOperationFiringStep.execute(ExecuteWorkBuildOperationFiringStep.java:39)
		at org.gradle.internal.execution.steps.IdentityCacheStep.execute(IdentityCacheStep.java:46)
		at org.gradle.internal.execution.steps.IdentityCacheStep.execute(IdentityCacheStep.java:34)
		at org.gradle.internal.execution.steps.IdentifyStep.execute(IdentifyStep.java:56)
		at org.gradle.internal.execution.steps.IdentifyStep.execute(IdentifyStep.java:38)
		at org.gradle.internal.execution.impl.DefaultExecutionEngine$1.execute(DefaultExecutionEngine.java:68)
		at org.gradle.api.internal.tasks.execution.ExecuteActionsTaskExecuter.executeIfValid(ExecuteActionsTaskExecuter.java:132)
		at org.gradle.api.internal.tasks.execution.ExecuteActionsTaskExecuter.execute(ExecuteActionsTaskExecuter.java:121)
		at org.gradle.api.internal.tasks.execution.ProblemsTaskPathTrackingTaskExecuter.execute(ProblemsTaskPathTrackingTaskExecuter.java:41)
		at org.gradle.api.internal.tasks.execution.ResolveTaskExecutionModeExecuter.execute(ResolveTaskExecutionModeExecuter.java:51)
		at org.gradle.api.internal.tasks.execution.FinalizePropertiesTaskExecuter.execute(FinalizePropertiesTaskExecuter.java:46)
		at org.gradle.api.internal.tasks.execution.SkipTaskWithNoActionsExecuter.execute(SkipTaskWithNoActionsExecuter.java:57)
		at org.gradle.api.internal.tasks.execution.SkipOnlyIfTaskExecuter.execute(SkipOnlyIfTaskExecuter.java:74)
		at org.gradle.api.internal.tasks.execution.CatchExceptionTaskExecuter.execute(CatchExceptionTaskExecuter.java:36)
		at org.gradle.api.internal.tasks.execution.EventFiringTaskExecuter$1.executeTask(EventFiringTaskExecuter.java:77)
		at org.gradle.api.internal.tasks.execution.EventFiringTaskExecuter$1.call(EventFiringTaskExecuter.java:55)
		at org.gradle.api.internal.tasks.execution.EventFiringTaskExecuter$1.call(EventFiringTaskExecuter.java:52)
		at org.gradle.internal.operations.DefaultBuildOperationRunner$CallableBuildOperationWorker.execute(DefaultBuildOperationRunner.java:210)
		at org.gradle.internal.operations.DefaultBuildOperationRunner$CallableBuildOperationWorker.execute(DefaultBuildOperationRunner.java:205)
		at org.gradle.internal.operations.DefaultBuildOperationRunner$2.execute(DefaultBuildOperationRunner.java:67)
		at org.gradle.internal.operations.DefaultBuildOperationRunner$2.execute(DefaultBuildOperationRunner.java:60)
		at org.gradle.internal.operations.DefaultBuildOperationRunner.execute(DefaultBuildOperationRunner.java:167)
		at org.gradle.internal.operations.DefaultBuildOperationRunner.execute(DefaultBuildOperationRunner.java:60)
		at org.gradle.internal.operations.DefaultBuildOperationRunner.call(DefaultBuildOperationRunner.java:54)
		at org.gradle.api.internal.tasks.execution.EventFiringTaskExecuter.execute(EventFiringTaskExecuter.java:52)
		at org.gradle.execution.plan.DefaultNodeExecutor.executeLocalTaskNode(DefaultNodeExecutor.java:55)
		at org.gradle.execution.plan.DefaultNodeExecutor.execute(DefaultNodeExecutor.java:34)
		at org.gradle.execution.taskgraph.DefaultTaskExecutionGraph$InvokeNodeExecutorsAction.execute(DefaultTaskExecutionGraph.java:355)
		at org.gradle.execution.taskgraph.DefaultTaskExecutionGraph$InvokeNodeExecutorsAction.execute(DefaultTaskExecutionGraph.java:343)
		at org.gradle.execution.taskgraph.DefaultTaskExecutionGraph$BuildOperationAwareExecutionAction.lambda$execute$0(DefaultTaskExecutionGraph.java:339)
		at org.gradle.internal.operations.CurrentBuildOperationRef.with(CurrentBuildOperationRef.java:84)
		at org.gradle.execution.taskgraph.DefaultTaskExecutionGraph$BuildOperationAwareExecutionAction.execute(DefaultTaskExecutionGraph.java:339)
		at org.gradle.execution.taskgraph.DefaultTaskExecutionGraph$BuildOperationAwareExecutionAction.execute(DefaultTaskExecutionGraph.java:328)
		at org.gradle.execution.plan.DefaultPlanExecutor$ExecutorWorker.execute(DefaultPlanExecutor.java:459)
		at org.gradle.execution.plan.DefaultPlanExecutor$ExecutorWorker.run(DefaultPlanExecutor.java:376)
		at org.gradle.internal.concurrent.ExecutorPolicy$CatchAndRecordFailures.onExecute(ExecutorPolicy.java:64)
		at org.gradle.internal.concurrent.AbstractManagedExecutor$1.run(AbstractManagedExecutor.java:47)
		at java.base/java.util.concurrent.ThreadPoolExecutor.runWorker(Unknown Source)
		at java.base/java.util.concurrent.ThreadPoolExecutor$Worker.run(Unknown Source)
		at java.base/java.lang.Thread.run(Unknown Source)


BUILD FAILED in 14s
5 actionable tasks: 4 executed, 1 up-to-date
Watched directory hierarchies: [C:\Users\bhauk\Documents\projects\PeriodSaathi]
